pathway,pval,padj,log2err,ES,NES,size,leadingEdge
HALLMARK_G2M_CHECKPOINT,2.476815694763598e-31,1.238407847381799e-29,1.453344668564937,-0.919887317459039,-2.0665625896727287,191,24137;8318;6790;22974;332;3838;990;9212;51659;3835;9493;1033;7112;9700;983;55872;7272;3161;10733;890;4085;1062;699;9156;4751;11004;991;23649;10403;4605;51203;10024;56992;23594;29127;3832;4001;595;9133;7153;9232;5347;9585;1058;899;4172;26271;10721;10036;10293;10926;993;7468;8438;4171;10051;6839;1164;9221;7027;4288;1063;4678;6491;4174;11065;6434;1869;2146;6426;580;4691;7371;1736;4175;5558;3930;10419;3159;10460;3837;675;1163;5426;3619;10432;4957;6118;27338;1841;7150;8317;10212;6421;5933;10592;3184;6632;10492;9055;3192;1870;10146;2935;4953;996;3925;6427;9184;262;1874
HALLMARK_E2F_TARGETS,1.2341531337866444e-26,3.085382834466611e-25,1.3422337729644571,-0.9021720316522653,-2.0292607191513286,195,24137;6790;5111;55723;332;3838;146909;9212;3835;701;9787;1033;7112;9700;983;3161;9319;10733;4085;1062;11004;991;55143;23649;672;4605;23594;29127;4001;9133;7153;29028;6941;9232;10615;9837;5347;83461;55635;4172;57405;4176;993;5983;6241;11113;253714;1434;4171;79075;10051;10635;4173;147841;6839;1164;9221;4288;4678;5982;4174;6434;29893;3070;64785;29089;2146;84296;6426;580;9918;7913;9833;7374;7283;4175;55646;5558;10606;3930;3159;10460;29980;7398;4436;5902;81624;675;54962;55148;10528;8914;1163;5426;23165;79077;64858;6118;10714;1503;204;27338;79733;5036;3978;10212;203068;3184;4830;7083;10248;10492;1786;6749;57122;898;79677;2935;79019;81611;1965;3925;6427;6470;2547;5424;1633;84844;4999;11340;5411;9738;1854;4292;5889;11051;3149;8726;11200;5901;5425;8243;6628;9126;11168;3609;9238;9972;23047;197335
HALLMARK_MYC_TARGETS_V1,6.578918175351211e-17,1.0964863625585353e-15,1.0574635727508575,-0.8509423040175081,-1.914029399298017,195,8318;5111;3838;890;4085;991;7298;4176;6240;4171;4173;9221;7027;4174;6434;6426;5984;7913;6432;4175;54107;7398;5902;51491;3837;10528;6059;5496;8886;708;3181;1017;1503;3329;9188;9136;3608;6732;6723;5036;7203;8662;3184;4830;22948;6632;26156;10492;6627;26135;1478;3192;4686;1665;10146;2935;1965;10236;10054;56910;23450;2091;4953;6427;9184;3183;8669;3615;3336;7416;6626;23016;6950;6428;6637;6634;28973;5707;6418;10921;10574;2547;26354;10575;6741;4869;4999;10856;1854;3251;57819;2739;220988;7555;10907;7458;2806;10576;5901;5425;1977;2107;11335;1176;9868;1019;4609;7419;23435;10213;5634;1982;10971;5709;3326;8664;7284;5691;2079;10155;10728;1537;5887;5690;3066;11331;5704;1964;5714;7531;10549;790
HALLMARK_MITOTIC_SPINDLE,5.2444048613162235e-12,6.55550607664528e-11,0.8870749883998732,-0.8026632252294441,-1.807626355695412,198,24137;6790;22974;332;3835;9493;9787;9700;983;7272;1062;699;4751;11004;10403;51203;56992;29127;3832;4001;9133;7153;80119;5347;9585;54443;26271;1894;10051;1063;9735;675;3619;114791;10426;55835;9055
HALLMARK_SPERMATOGENESIS,6.920799562799694e-8,6.920799562799694e-7,0.7049757151672383,-0.8345332896088322,-1.7768996701546573,96,6790;1033;983;7272;699;23397;4751;11004;9133;10926;2146;5984;11073;10038;8624;11144;4771;51087;116832
HALLMARK_MYOGENESIS,1.1286475960025127e-7,9.405396633354273e-7,0.7049757151672383,0.6847076142110557,1.9410697644784387,169,3486;2934;1489;10014;4205;22808;11155;8912;26353;6016;7433;1140;2065;4151;79629;6535;8553;4303;7169;3691;7164;23604;1277;1674;3757;6649;2281;1191;2180;4616;7138;165;6319;1266;1410;2878;1152;10290;6450;1026;6876;140465;6442;9659;8614;22924;115;43;2224;624;22933;1837;3490;4209;1384;4641;1728;58529;8736;11345
HALLMARK_MYC_TARGETS_V2,5.073990984031486e-7,3.6242792743082045e-6,0.6594443980379349,-0.8769617471124629,-1.7637683784930411,57,6949;10733;5347;51154;4173;9221;4174;7374;51491;23160;10528;8886;79077;81887;3329;92856;9136;6723;10196;5036;83743;6652;23223;54663;705;27340;23082;10514;3336;10244;29078;2193;26354;4869;23481;51388;10199;11335;9238;1019;79711;4609;6573;27346;79050;80324;10171;56342
HALLMARK_HYPOXIA,1.2516504853475836e-5,7.822815533422397e-5,0.5933254763964051,0.5976645360700912,1.7028261343533337,184,901;54800;3486;58528;10957;1942;10397;56925;57007;1649;6518;4601;133;5292;8974;55818;8553;2745;6385;6513;2239;2309;1027;9469;2131;8660;26118;8991;5066;665;8459;2355;8609;4783;55076;4015;230;55577;467;23645;6515;3162;1026;1316;25824;2632;3623;8614;6275;694;3423;5155;1843;10370;6576;1837;23036
HALLMARK_INTERFERON_GAMMA_RESPONSE,1.4643741539807798e-5,8.135411966559888e-5,0.5933254763964051,0.6016450753468817,1.7118001093765947,177,6773;715;716;6398;629;4599;4939;6648;4600;7706;79132;6892;5292;6774;3429;10906;55008;6737;94240;7378;834;3430;219285;54625;91543;64135;2357;3383;55601;57162;26524;3620;6347;10628;129607;54739;3665;57823;10379;84159;9961;8743;10791;84166;80830;57674;5777;23424;10410;3106;567;3560;64108;6352;1026;3663;3660;6890;5699;84888;8673;3433;694
HALLMARK_INTERFERON_ALPHA_RESPONSE,3.355502511432343e-5,1.6777512557161715e-4,0.557332238758646,0.7123837174980088,1.8677147187382217,95,6773;2634;7318;135112;716;4599;2766;7706;4938;79132;3429;10906;55008;6737;94240;834;3430;219285;54625;91543;64135;8519;55601;4343;51667;10628;129607;3665;27074;10379;23424;10410;567;64108;3107;3660;6890;55281;3433;9246;85363;6402
HALLMARK_DNA_REPAIR,1.0349656725054001e-4,4.704389420479092e-4,0.5384340963099162,-0.7148521597721529,-1.576783663089305,147,5111;11130;23649;2237;7298;5557;5983;5985;5422;5982;5984;6118;10946;10714;3978;7372;4830;6749;5433;10189;5429;6924;3615;5424;1854;5142;3251;11051;65109;23204;4860;5435;9533;5432;8480;54487;29901;5436
HALLMARK_HEME_METABOLISM,2.6767486085105534e-4,0.0011153119202127306,0.49849310876659025,0.5655139621058406,1.6040131480945894,172,10841;51646;10133;54;4329;4778;718;6386;56180;23351;4601;8974;2057;26020;6535;360;210;645;4259;5909;6513;8031;25901;4779;571;2145;114625;8780;2309;23002;2035;10840;80344;1193;1182;8991;665;3321;847;23608;80853;25897;1508;3920;51274;9541;5526
HALLMARK_BILE_ACID_METABOLISM,0.0014747653510496707,0.005667055589020692,0.45505986738722953,0.6258432992973345,1.639308011595753,94,5264;10133;3417;29842;5002;1593;4864;50640;23461;6310;54884;51268;2180;847;25824;5190;196743;9415
HALLMARK_CHOLESTEROL_HOMEOSTASIS,0.0015867755649257938,0.005667055589020692,0.45505986738722953,0.6756949594025461,1.7007233943775901,70,94241;4047;10957;7108;6721;132864;928;58191;55902;134429;1191;4783;6319;5641;230;467;2946;3958;6811;9415;3157;39;5833;6309;2222;2224
HALLMARK_COAGULATION,0.002327236366200522,0.007757454554001741,0.4317076958033464,0.5931168758936198,1.5922552376696597,110,2934;715;5627;3690;716;1519;718;726;629;283;4485;4320;928;5654;3249;1191;842;8609;10404;1512;4324;5641;1803;2157;1508;3920;9948;22921;1513;5624;1397;1465;4323
HALLMARK_P53_PATHWAY,0.002521801932773664,0.0078806310399177,0.4317076958033464,0.4961800900588543,1.4192604904344617,189,26471;63874;3872;8722;10397;1030;51065;10608;1643;1649;4013;1509;8744;8848;55332;10906;5791;317;7378;834;64065;3691;3275;2872;7164;64787;2258;6236;6303;2309;18;7157;29946;54884;23612;677;10628;57763;10140;2052;467;23645;3162;2517;6520;1026;4814;2760;6890;55240;900;4084;8673;51447;6768;6275;694
HALLMARK_KRAS_SIGNALING_DN,0.00409046077108175,0.012030766973769855,0.40701791892395395,0.5483575253144775,1.5187880843173303,138,9746;7042;54842;4524;3593;55890;4599;29842;8786;6498;23676;55258;91543;83439;5164;7137;3425;51168;6446;8303;27076;2261;778;4210;22849;11346;9127;3750;4929;29799;5158;57016;79085;51226;80303;51302;1952
HALLMARK_COMPLEMENT,0.004800486708860199,0.013334685302389442,0.40701791892395395,0.5042895636916244,1.430357417871956,172,27445;715;7077;716;1519;868;718;629;54704;978;5663;283;1509;5292;834;11108;200316;1191;842;1520;8942;3665;10404;1512;4324;5641;1803;2157;1508;1604;3958;3920;6352;3660;4067;60489;1465;3988;4323;5155;10125;4057;6714;5547;51734;4035;837
HALLMARK_MTORC1_SIGNALING,0.011874375762956387,0.031248357270937863,0.13905071246926654,-0.6132126945646243,-1.3772475928497647,192,6790;699;5347;899;993;6241;4171;4173;10452;10622;7374;7283;51377;8833;23165;56902;3329;9136;10963;10212;8624;1719;79071;10197;908;1075;6652;3308;3145;3336;9521;2023;11333;27101;6781;3251;23760;2821;10061;3313;4860;2107;29968;60481;5718;26747;10213;23753;27346;2717;81873;5684;7037;6117;5719;5704
HALLMARK_IL6_JAK_STAT3_SIGNALING,0.017857142857142856,0.04464285714285714,0.23514199556110812,0.58924596000597,1.4792111803719972,69,6773;3690;1326;5292;928;6774;10379;94;9180;3162;2921;3459;4050;7124
HALLMARK_INFLAMMATORY_RESPONSE,0.020572450805008944,0.04898202572621177,0.30377943455118267,0.47060512733846815,1.3296432123758588,165,3690;728;5025;3593;5099;5663;29933;6892;970;8744;133;5791;3249;196;2357;8519;3383;3696;6347;6324;3665;10006;27074;9180;8743;1604;3560;64108;6352;1026;1316;4067;4210;7439;4084;4323;2550;10125;6402;8578;7097;4792
HALLMARK_XENOBIOTIC_METABOLISM,0.042086001829826164,0.09565000415869583,0.2133879230180531,0.4447251544384309,1.2607462409748442,169,23710;7042;3728;23564;5627;348;629;3417;978;65018;3398;10611;1593;4864;22949;5166;7378;645;5909;54884;4121;8942;51;2052;1571;847
HALLMARK_UNFOLDED_PROTEIN_RESPONSE,0.04632835820895522,0.10071382219338092,0.07185502986680807,-0.6218697646562112,-1.3360130686809155,107,9221;23404;1736;10528;1163;9136;1662;8602;2521;1981;1965;9775;50628;25804;5393;7422;4869;5832;1977;3313;58477;29968;9797;8570;55272;55153;54512;10113;51013;8815;55651;5073;1978;55033;9570
HALLMARK_APICAL_JUNCTION,0.07480314960629922,0.15583989501312337,0.16540638314681422,0.41788425659440354,1.1889496966249624,180,10398;3728;4192;81607;7059;51754;5097;5335;6237;55742;72;1001;3691;2886;3383;2683;3757;92359;3636;57555;51474;60412;10290;1739;8503;999;51148;1364;1366;8976;5819;5600;1265;7248;1500;6714;8935
HALLMARK_GLYCOLYSIS,0.07885980479148182,0.15771960958296363,0.052166230878795496,-0.5530072913966989,-1.2423523604754463,191,6790;983;3161;1058;55635;4907;4678;10112;51728;10164;4200;136;3925;51129;2023;6382;7422;1468;6781;29925;6120;9456;2806;5223;8819;3796;26355;4731;4166;54982;90161;56052;5704;5836;8704;55276;2288;960;5230;1956;140838;10165;7167;5373;3939
HALLMARK_ESTROGEN_RESPONSE_LATE,0.08946078431372549,0.17203996983408748,0.04884136955133312,-0.5536315469165779,-1.2396192729191267,179,990;51659;10733;991;595;7153;8309;6491;10112;5932;7517;2030;29107;6652;374;2013;3487;5603;7980;10202;4602;6566;3251;56339;10105;224;60481;55540
HALLMARK_APOPTOSIS,0.11246943765281174,0.20827673639409583,0.12218443330405154,0.41983494855824904,1.169978442756792,147,90427;2934;4739;7042;27250;7077;1491;6648;8878;5663;1649;2065;834;2064;6041;6303;8837;54884;1027;1191;10628;842;331;665;4616;8743;1540;2878;467;10410;3958;3162;5526;1026;3459;6890;7124;6304;2879;6309;118;3315;1647
HALLMARK_UV_RESPONSE_DN,0.1246177370030581,0.22253167321974662,0.11225086897822098,0.41516839977272696,1.1515812277468072,139,3690;3382;5002;307;390;10611;3488;8553;2064;11099;1278;6310;23576;1277;1027;493;1628;3480;8821;1739;8503;5797;23345
HALLMARK_EPITHELIAL_MESENCHYMAL_TRANSITION,0.14031620553359683,0.24192449229930488,0.12042065316743104,0.3942165878060052,1.1218417047152314,181,6696;3486;10398;800;3690;4837;59;3398;7171;10085;3685;6535;5654;7169;6385;1278;6303;7168;1277;30008;1296;23705;4616;822;4015;5352;115908;2517
HALLMARK_ADIPOGENESIS,0.1491395793499044,0.248565965583174,0.11479040423284313,0.39092629248507393,1.1122631891374037,177,901;5264;27250;348;718;3417;56922;23187;26353;376497;64859;604;4259;8780;54884;51;10140;847;2878;6623;7423;3459;6776;2632;4189;2879
HALLMARK_NOTCH_SIGNALING,0.17343015805211448,0.27972606137437817,0.038748118963076505,-0.6711654364132742,-1.249649677355097,31,595;8819;2648
HALLMARK_TGF_BETA_SIGNALING,0.19838056680161945,0.3099696356275304,0.0635916868333331,0.4850158419859178,1.1619527379294474,53,90;3398;7050;6498;3399;331;11031;659;23645;7046;999
HALLMARK_UV_RESPONSE_UP,0.23593714415850603,0.3574805214522819,0.028224770331413764,-0.5153289994411365,-1.137875023184413,149,2237;5984;54107;5471;1017;10038;9188;10963;10280;896;3192;898;80273;262;9818;11333;211;5702;7301;10105
HALLMARK_ANGIOGENESIS,0.29856714428523823,0.4330270119743804,0.04600137753727824,0.5175380769035001,1.1096203174434753,30,6696;3685
HALLMARK_ESTROGEN_RESPONSE_EARLY,0.3031189083820663,0.4330270119743804,0.08059249007647792,0.36677428285715613,1.043155177437034,179,4582;6337;9022;60598;6509;56944;221;26353;1999;2444;8553;360;7739;645;64284;6513;27134;7164;22836;9687;18;64798;2683;9620;3856;25987;11031;3880;3480;26509;10140;8416;9094;9467;7357;4137;6196;799;8614;9846;115;79875;9249;2222;10125;1366;8140
HALLMARK_KRAS_SIGNALING_UP,0.34973166368515207,0.4857384217849334,0.07156731649489641,0.36094404661331553,1.019807846848422,165,6696;10457;3486;3728;629;3398;6590;4013;80201;4320;6868;2745;5801;6324;6480;1520
HALLMARK_OXIDATIVE_PHOSPHORYLATION,0.38979659886628876,0.52675216063012,0.0196328297361647,-0.466676243004667,-1.0460483948109025,184,292;8402;51318;26519;80273;1737;92609;1431;7416;56993;3419;10939;211;54205;10884;2821;2806;3945;2271;3313;4552;6390;9868;5435;29088;7419;4722;10128;23203;1537;3028;4976;6183;11331;56945;10989;8802;64963;788;5160;10440;4726;2395;26517;4706;8604;4700;4719;3939;9927;26520;7386;65003
HALLMARK_ANDROGEN_RESPONSE,0.4279149913842619,0.5586897903545168,0.05086780157609256,0.3813971357417915,0.9999400977487032,95,51171;4094;10397;79689;8555;10611;8611;8848;7113;3685;11099;8031;54407;65986;6303;2683;9871;3856;3880;10627;84159;6446;6319;10513;567;8821
HALLMARK_REACTIVE_OXYGEN_SPECIES_PATHWAY,0.4357780364765231,0.5586897903545168,0.040572153621248414,0.43129032557019553,1.003525089620312,46,2512;6648;7296;9124;2745;847;2878
HALLMARK_TNFA_SIGNALING_VIA_NFKB,0.4614604462474645,0.5768255578093306,0.06611612031994309,0.3463880518731513,0.9908255084285919,191,10957;1942;3593;1827;57007;1326;6648;8878;3398;7050;10611;8744;9516;8848;55332;5791;604;9120;8553;6385;65986;6303;64135;8837;3383;2683;5187;6347;8660;687;8942;80149;2355;4616;6446;4783;8303;2920;467;23645;6515;602;6352;2921;1026;1316;4814;6776;6890;7124
HALLMARK_APICAL_SURFACE,0.48389345976851206,0.5901139753274537,0.019793385157014717,-0.5250262793025215,-1.0012574448296538,37,672;131566
HALLMARK_PANCREAS_BETA_CELLS,0.5010432190760059,0.5964800227095308,0.020274420797359763,-0.5600798801135742,-0.995224578779687,22,3170;58477;7421;28972
HALLMARK_IL2_STAT5_SIGNALING,0.58772910147519,0.6834059319478953,0.013699777582078876,-0.42496545222442944,-0.9501797431992338,175,2118;990;3655;4907;81848;7371;7372;896;22822;898;200734;9173;7052;4953;84230;2184;598;64116;8809;7133;4860;84306;5621;4609;191;80324;55509;28960;9308;6004;10124;51651;253558
HALLMARK_PEROXISOME,0.6426582738167292,0.7302934929735561,0.013563031536723051,-0.4281825399294,-0.9111666131014318,95,7153;4436;1503;60386;3416;7555;60481;54982;51015;23457
HALLMARK_PROTEIN_SECRETION,0.68140589569161,0.7571176618795668,0.039040775777130526,0.345943773455221,0.9058931654801725,93,3382;2581;1203;9367;9871;7103;1182;5066;3920;8417;8615;27236;26286;51606;10040;23673;967;2778;8546;23041;8773;9525
HALLMARK_ALLOGRAFT_REJECTION,0.8810120811488489,0.9194070978682172,0.007819816238610548,-0.35451955067838964,-0.7817287044957101,146,672;6059;896;4830;6891;11222;1984;8669;2069;4869
HALLMARK_FATTY_ACID_METABOLISM,0.850356294536817,0.9194070978682172,0.04160211472358708,0.3171565596666158,0.8797449343594739,142,23710;3417;3155;58476;5465;57515;3032;210;2954;54884;2180;51;1429;2052
HALLMARK_PI3K_AKT_MTOR_SIGNALING,0.8826308139534884,0.9194070978682172,0.00880458961458797,-0.35565637906919767,-0.7561603323288453,94,983;1869;1017;79109;5899;1977;1019;7334;4803;5576;5216;7186;4793;1956;5601;5519;5781
HALLMARK_WNT_BETA_CATENIN_SIGNALING,0.9357117626280467,0.9548079210490272,0.024036234864707545,0.3151562418613234,0.7061070538780139,37,10014;6868;7157;1856;10023;79885;8650;23385
HALLMARK_HEDGEHOG_SIGNALING,0.956145330684076,0.956145330684076,0.010042031954487595,-0.3351530759926808,-0.627292090274326,32,1021;7422;7090;5921;8851;8828;2114
