category,subcategory,ID,Description,GeneRatio,BgRatio,RichFactor,FoldEnrichment,zScore,pvalue,p.adjust,qvalue,geneID,Count
Cellular Processes,Cell motility,hsa04820,Cytoskeleton in muscle cells,45/783,202/6540,0.22277227722772278,1.8607033117104814,4.582383961762586,2.012191790564316e-5,0.00440058867505424,0.003960459834760216,10398/3728/27063/3690/7059/57159/11155/72/1824/477/1302/7169/25777/3694/3691/6385/1278/1298/1277/1674/3696/10529/3674/752/6442/50509/84676/58529/8736/171024/7136/1286/7111/58498/7125/25802/1299/9499/51778/1285/7139/89/7140/1281/4892,45
Human Diseases,Infectious disease: bacterial,hsa05150,Staphylococcus aureus infection,16/783,45/6540,0.35555555555555557,2.969774372073223,4.889580458601178,3.4137652500025496e-5,0.00440058867505424,0.003960459834760216,3872/715/716/3868/728/718/629/2357/2212/3426/3075/1672/720/721/3857/5648,16
Human Diseases,Cardiovascular disease,hsa05412,Arrhythmogenic right ventricular cardiomyopathy,21/783,70/6540,0.3,2.5057471264367814,4.670757907138515,4.142827053106134e-5,0.00440058867505424,0.003960459834760216,3728/3690/489/59283/27092/784/1824/3694/3691/83439/1674/3696/6543/59285/3674/778/6442/93589/1496/89/10368,21
Environmental Information Processing,Signaling molecules and interaction,hsa04060,Cytokine-cytokine receptor interaction,41/783,185/6540,0.22162162162162163,1.8510924717821269,4.330552128959275,5.3179319336002906e-5,0.00440058867505424,0.003960459834760216,4804/7042/90/8764/1489/3593/3557/9518/57007/970/8744/2057/58191/6347/8740/94/8743/2920/163702/3560/6352/2921/4050/7124/3623/9235/83729/26525/51561/8200/1232/3569/50615/6373/146433/6361/9966/3553/50604/7292/3456,41
Organismal Systems,Immune system,hsa04610,Complement and coagulation cascades,18/783,59/6540,0.3050847457627119,2.5482174167153713,4.4052988813230325,1.1417765242550613e-4,0.007558560590568506,0.006802584344509102,715/5627/716/728/718/629/5345/1191/5624/3426/710/3075/7448/720/721/7450/5648/5270,18
Human Diseases,Cardiovascular disease,hsa05410,Hypertrophic cardiomyopathy,22/783,81/6540,0.2716049382716049,2.268577645333712,4.236579459011436,1.4325696995170654e-4,0.007903009509002478,0.007112582894093501,183/7042/3690/489/59283/27092/784/7169/3694/3691/1674/3696/6543/59285/3674/778/6442/7124/93589/3569/7139/10368,22
Human Diseases,Cardiovascular disease,hsa05414,Dilated cardiomyopathy,22/783,82/6540,0.2682926829268293,2.240912064293057,4.170012412289383,1.7416032614447555e-4,0.008235295421974487,0.007411634932163396,183/7042/3690/489/59283/27092/784/7169/3694/3691/1674/3696/6543/59285/3674/778/6442/7124/196883/93589/7139/10368,22
Organismal Systems,Digestive system,hsa04974,Protein digestion and absorption,20/783,72/6540,0.2777777777777778,2.3201362281822053,4.153731567162732,2.0433312429210865e-4,0.008454283017585995,0.007608720286140362,6550/477/1302/9056/1278/1298/1277/1296/6543/23428/1803/57642/50509/1286/136227/1299/7373/1285/10008/1281,20
Metabolism,Lipid metabolism,hsa00590,Arachidonic acid metabolism,15/783,48/6540,0.3125,2.6101532567049808,4.128925177569777,3.134337649332518e-4,0.011527397354767372,0.010374474324691258,8605/8398/1571/2678/8644/3248/247/246/64600/240/4051/123745/5730/11283/5740,15
Environmental Information Processing,Signaling molecules and interaction,hsa04512,ECM-receptor interaction,20/783,75/6540,0.26666666666666666,2.227330779054917,3.9422705678727428,3.707673367045969e-4,0.012272398844922159,0.011044963819726415,6696/3690/7059/3913/3694/3691/6385/1278/1298/1277/3696/3674/7148/1286/7448/1299/1285/7450/10319/948,20
Human Diseases,Infectious disease: parasitic,hsa05146,Amoebiasis,21/783,83/6540,0.25301204819277107,2.1132807090430688,3.764148700422848,5.775312117493101e-4,0.017378439189911058,0.01564031894019663,7042/3593/5869/3913/1278/1277/2920/2921/7124/5582/3315/7097/1286/6318/3569/23236/3553/1285/10319/9630/1281,21
Environmental Information Processing,Signaling molecules and interaction,hsa04061,Viral protein interaction with cytokine and cytokine receptor,16/783,58/6540,0.27586206896551724,2.3041352886775,3.6789218730215008,9.405049930663483e-4,0.025942262725413442,0.023347623950682156,8764/57007/6347/8740/8743/2920/3560/6352/2921/7124/1232/3569/6373/146433/6361/50604,16
Human Diseases,Infectious disease: parasitic,hsa05143,African trypanosomiasis,9/783,24/6540,0.375,3.132183908045977,3.859030218359582,0.001185939302060258,0.03019583915245734,0.027175775099842352,3593/8542/3620/7124/5582/3569/23236/3553/169355,9
Organismal Systems,Immune system,hsa04621,NOD-like receptor signaling pathway,31/783,151/6540,0.2052980132450331,1.7147496891730734,3.276909441922907,0.0016381637453062267,0.03873087140688293,0.03485716841516257,6773/2633/23710/2634/4939/4938/22861/834/6041/114769/84557/6347/3665/11035/10379/2920/6352/440738/2921/7124/4210/91662/115361/11337/3569/5602/23236/171389/3553/64127/3456,31
Environmental Information Processing,Signaling molecules and interaction,hsa04080,Neuroactive ligand-receptor interaction,35/783,179/6540,0.19553072625698323,1.6331685181617757,3.1675360462346203,0.002062502752519709,0.04551256073893491,0.040960580979865095,183/79924/728/5025/718/9340/66004/9294/2696/79627/133/7433/1140/2357/2847/3640/2903/79957/2642/6915/1143/799/4985/2859/1901/1128/387129/8698/64106/2912/2911/2914/10203/4295/6344,35
NA,NA,hsa04382,Cornified envelope formation,29/783,141/6540,0.20567375886524822,1.717888100866824,3.1779619356965236,0.0022181666297730438,0.04588832215342984,0.04129876027801128,3872/3728/3868/3887/6273/5652/3892/5493/376497/9076/3691/3856/3855/126637/137075/6275/1364/1366/6274/6703/1286/3889/285848/1285/3891/3857/51208/1041/1823,29
Organismal Systems,Endocrine system,hsa04913,Ovarian steroidogenesis,11/783,36/6540,0.3055555555555556,2.552149851000426,3.443761501155761,0.0023949034478792522,0.046630178896943084,0.04196641955107296,8605/641371/1545/3643/196883/1543/8644/3292/240/123745/1588,11
Organismal Systems,Immune system,hsa04620,Toll-like receptor signaling pathway,19/783,81/6540,0.2345679012345679,1.9592261482427509,3.2034600413622023,0.0026978890241045614,0.049611181498811656,0.0446492744924907,6773/6696/3593/1326/3665/10379/6352/3663/7124/7097/7098/23643/3569/7096/3929/5602/6373/3553/3456,19
Human Diseases,Immune disease,hsa05321,Inflammatory bowel disease,13/783,49/6540,0.2653061224489796,2.2159668465087186,3.150666276324862,0.004018162853157922,0.0700006265471196,0.06299945082790538,7042/4094/6097/3593/7124/7097/51561/6775/3569/50615/3553/64127/30009,13
Organismal Systems,Digestive system,hsa04978,Mineral absorption,13/783,50/6540,0.26,2.1716475095785444,3.066889032866382,0.004849959422531236,0.08026682844289196,0.07223886929349156,2512/6550/477/4494/6543/79901/142680/3162/4499/2495/55503/10568/7018,13
Human Diseases,Immune disease,hsa05332,Graft-versus-host disease,8/783,24/6540,0.3333333333333333,2.784163473818646,3.2291495747519234,0.005163735928843024,0.08139031392604958,0.07324998836403888,3133/3134/7124/3821/3569/3553/3802/115653,8
Human Diseases,Infectious disease: parasitic,hsa05144,Malaria,9/783,30/6540,0.3,2.5057471264367814,3.0483203902586595,0.006701766130455768,0.10083111769003905,0.09074640262770252,7042/7059/6347/7124/7097/4035/3569/3553/948,9
Metabolism,Xenobiotics biodegradation and metabolism,hsa00980,Metabolism of xenobiotics by cytochrome P450,10/783,36/6540,0.2777777777777778,2.3201362281822053,2.928991885651129,0.007882356571993772,0.11343739240564951,0.1020918494221619,221/1545/1571/2946/222/1543/27294/2938/1544/2939,10
Metabolism,Xenobiotics biodegradation and metabolism,hsa00982,Drug metabolism - cytochrome P450,9/783,31/6540,0.2903225806451613,2.424916573971079,2.9325915856752887,0.008464044376919682,0.11633108285159546,0.1046961248115806,221/1571/2946/2329/222/2330/2938/1544/2939,9
Metabolism,Lipid metabolism,hsa00591,Linoleic acid metabolism,7/783,21/6540,0.3333333333333333,2.784163473818646,3.019897731596843,0.008786335562809324,0.11633108285159546,0.1046961248115806,8605/8398/1571/1544/246/64600/123745,7
Environmental Information Processing,Signal transduction,hsa04020,Calcium signaling pathway,33/783,184/6540,0.1793478260869565,1.4980009995002497,2.526885810172624,0.010625464931307893,0.135270342010112,0.12174115690526859,5333/53373/5025/84812/93129/489/8912/4485/4776/2065/4846/6543/2903/7942/6915/778/5582/196883/5155/91807/9965/5159/100130933/815/23236/7125/1128/2254/8822/2911/9630/5979/3270,33
Human Diseases,Immune disease,hsa05322,Systemic lupus erythematosus,8/783,28/6540,0.2857142857142857,2.3864258347016967,2.711170917106842,0.014158129558654926,0.17356818088573261,0.1562086029278497,715/716/718/2903/2212/7124/720/721,8
Organismal Systems,Circulatory system,hsa04270,Vascular smooth muscle contraction,20/783,101/6540,0.19801980198019803,1.6539584992982057,2.4425310758464924,0.015237707466977436,0.18013147041319755,0.16211545914115091,183/10398/79924/800/8605/59/8398/133/72/4882/4881/778/5582/196883/91807/4879/23236/64600/123745/10203,20
Metabolism,Metabolism of other amino acids,hsa00410,beta-Alanine metabolism,8/783,29/6540,0.27586206896551724,2.3041352886775,2.5955908405507113,0.017557400128673455,0.20039653250313494,0.1803536927918181,57571/4329/221/18/222/51733/1807/84735,8
Environmental Information Processing,Signal transduction,hsa04010,MAPK signaling pathway,43/783,263/6540,0.1634980988593156,1.3656163046486898,2.231854095386743,0.01939041448052281,0.2098326180040656,0.18884601970154416,4804/7042/7786/8605/1942/59283/27092/1326/22808/1649/8912/6237/784/2065/23542/2872/3643/5801/4616/59285/778/25780/7124/4137/5582/3315/5155/10125/1850/9965/93589/5778/5159/5602/1943/3553/5923/2254/8822/123745/3815/10368/5979,43
Human Diseases,Infectious disease: bacterial,hsa05133,Pertussis,14/783,65/6540,0.2153846153846154,1.7989979369289717,2.3873763365372636,0.01965199745657412,0.2098326180040656,0.18884601970154416,715/716/718/3593/834/7124/710/51561/23643/3569/5602/720/721/3553,14
Cellular Processes,Cell motility,hsa04814,Motor proteins,30/783,172/6540,0.1744186046511628,1.4568297246725475,2.2390071765294834,0.02078389599970397,0.21453320366735484,0.19307647205553005,10398/89953/7846/4647/59/80022/3797/72/7169/113220/4646/51168/26153/4642/4542/90990/201625/8632/27019/83657/347733/147700/7136/58498/56171/7125/1780/84700/7139/7140,30
Environmental Information Processing,Signaling molecules and interaction,hsa04514,Cell adhesion molecule (CAM) interaction,21/783,111/6540,0.1891891891891892,1.580200890545718,2.27356095639614,0.021388506710038398,0.21453320366735484,0.19307647205553005,3133/3134/9076/1001/6385/3897/3696/64115/23705/137075/79679/1364/1366/6402/54413/6614/23308/94030/1003/9369/51208,21
Metabolism,Lipid metabolism,hsa00140,Steroid hormone biosynthesis,8/783,31/6540,0.25806451612903225,2.1554813990854034,2.378072576500848,0.026040854365564102,0.2535153763235799,0.22815980759921492,1545/1571/1543/8644/3292/1544/6718/1588,8
Metabolism,Amino acid metabolism,hsa00340,Histidine metabolism,6/783,21/6540,0.2857142857142857,2.3864258347016967,2.346681957501218,0.03226027372580253,0.30509001723544676,0.27457616434292076,10841/57571/221/222/26/84735,6
Environmental Information Processing,Signal transduction,hsa04068,FoxO signaling pathway,21/783,117/6540,0.1794871794871795,1.4991649474408095,2.0091228149619056,0.03628691634682594,0.32513957854030023,0.2926204507136428,901/23710/7042/1030/114907/6648/604/4303/3643/8660/4616/8743/1026/1901/5896/11337/3569/5602/10110/8698/2911,21
Metabolism,Lipid metabolism,hsa00565,Ether lipid metabolism,9/783,39/6540,0.23076923076923078,1.927497789566755,2.1423653656548143,0.037327202370185525,0.32513957854030023,0.2926204507136428,144110/5337/8605/8398/8611/79153/64600/123745/9514,9
Cellular Processes,Cell growth and death,hsa04216,Ferroptosis,9/783,39/6540,0.23076923076923078,1.927497789566755,2.1423653656548143,0.037327202370185525,0.32513957854030023,0.2926204507136428,2512/6303/84557/3162/440738/2495/1356/246/7018,9
Cellular Processes,Cell growth and death,hsa04217,Necroptosis,20/783,112/6540,0.17857142857142858,1.4915161466885605,1.9348499990017245,0.042287234813897734,0.3292394793880085,0.2963102962849624,6773/8605/2512/3718/8878/834/100526767/11035/10379/8743/7124/2495/7098/6775/5602/815/246/3553/123745/3456,20
Human Diseases,Endocrine and metabolic disease,hsa04940,Type I diabetes mellitus,7/783,28/6540,0.25,2.0881226053639845,2.1278356822773006,0.042683967125614564,0.3292394793880085,0.2963102962849624,3133/3593/3382/3134/7124/1363/3553,7
Organismal Systems,Endocrine system,hsa04921,Oxytocin signaling pathway,22/783,126/6540,0.1746031746031746,1.4583713434288148,1.9159169879712223,0.04287922874159869,0.3292394793880085,0.2963102962849624,10398/8605/1827/59283/27092/784/4776/4846/4882/4881/59285/778/1026/5582/196883/23533/91807/93589/815/23236/123745/10368,22
NA,NA,hsa04518,Integrin signaling,23/783,133/6540,0.17293233082706766,1.444415636793132,1.90952885183411,0.04298200715528811,0.3292394793880085,0.2963102962849624,6696/3690/7059/718/55679/3913/3694/3691/1278/1298/1277/3696/3674/5155/7148/1286/7448/5159/9459/1299/1285/7450/10319,23
Human Diseases,Endocrine and metabolic disease,hsa04933,AGE-RAGE signaling pathway in diabetic complications,17/783,92/6540,0.18478260869565216,1.5433949691820756,1.9356884006025499,0.04393523764562131,0.3292394793880085,0.2963102962849624,5333/183/7042/84812/5292/4846/1278/1277/6347/7124/1286/3569/5602/23236/3553/1285/1281,17
Human Diseases,Immune disease,hsa05323,Rheumatoid arthritis,14/783,72/6540,0.19444444444444445,1.6240953597275438,1.963679612209147,0.044001117124437356,0.3292394793880085,0.2963102962849624,245972/7042/54/6347/50617/2920/6352/2921/4050/7124/7097/51561/3569/3553,14
Cellular Processes,Transport and catabolism,hsa04142,Lysosome biogenesis,37/783,234/6540,0.1581196581196581,1.320692929888332,1.84229327127591,0.0447606542974634,0.3292394793880085,0.2963102962849624,1200/245972/26503/8722/53373/58528/135112/1777/4758/54/1519/5660/138050/2581/3373/8120/114881/6272/1203/1509/22901/64121/5476/23461/64798/1520/3425/27074/7942/50617/1512/2517/54785/9476/7098/6556/51296,37
Organismal Systems,Circulatory system,hsa04260,Cardiac muscle contraction,13/783,66/6540,0.19696969696969696,1.6451875072564726,1.9427190767013016,0.046671952951250886,0.33583513971443574,0.30224628570260875,489/59283/27092/784/477/7169/6543/59285/778/93589/7139/10368/3270,13
Metabolism,Glycan biosynthesis and metabolism,hsa00601,Glycosphingolipid biosynthesis - lacto and neolacto series,6/783,23/6540,0.2608695652173913,2.178910544727636,2.088619578622212,0.048851648015511416,0.34070446293268436,0.30662859917299945,2524/2525/28/53947/6489/124872,6
Human Diseases,Infectious disease: viral,hsa05164,Influenza A,23/783,135/6540,0.17037037037037037,1.4230168866184192,1.831485382135681,0.04973610189679493,0.34070446293268436,0.30662859917299945,6773/3593/4599/4939/4600/4938/7113/317/834/6041/91543/6347/3665/10379/8743/402569/6352/7124/7098/3569/3553/56649/3456,23
Environmental Information Processing,Signal transduction,hsa04151,PI3K-Akt signaling pathway,44/783,288/6540,0.1527777777777778,1.276074925500213,1.7670635062296445,0.05043661233746687,0.34070446293268436,0.30662859917299945,6696/4804/57121/3690/1942/7059/3718/3913/2057/2065/3694/3691/3643/4846/1278/1298/1277/3696/2788/3674/3560/1026/84699/5155/7097/23533/7148/1286/9965/7448/3569/5159/1299/1128/1943/10110/1285/2254/7450/8822/3815/10319/3456/5979,44
Metabolism,Amino acid metabolism,hsa00330,Arginine and proline metabolism,9/783,42/6540,0.21428571428571427,1.7898193760262724,1.8936556606214054,0.056912809971440985,0.3742721848439436,0.3368390151402005,57571/113451/4846/6303/1152/112817/1159/26/84735,9
Organismal Systems,Circulatory system,hsa04261,Adrenergic signaling in cardiomyocytes,21/783,123/6540,0.17073170731707318,1.4260349500046727,1.7590176581269363,0.057764238574272105,0.3742721848439436,0.3368390151402005,183/489/59283/27092/784/477/7169/6543/6324/59285/778/84699/196883/23533/6330/93589/815/23236/7139/10368/3776,21
Metabolism,Metabolism of cofactors and vitamins,hsa00860,Porphyrin metabolism,6/783,24/6540,0.25,2.0881226053639845,1.9693882875366064,0.058798047165815916,0.3742721848439436,0.3368390151402005,2512/645/3162/2495/1356/212,6
Organismal Systems,Immune system,hsa04640,Hematopoietic cell lineage,12/783,62/6540,0.1935483870967742,1.6166110493140526,1.7989749278352547,0.061195775740207,0.3751074401853429,0.33759073166624914,3690/100133941/2057/928/3674/7124/924/3569/3553/3815/948/921,12
Organismal Systems,Endocrine system,hsa04911,Insulin secretion,12/783,62/6540,0.1935483870967742,1.6166110493140526,1.7989749278352547,0.061195775740207,0.3751074401853429,0.33759073166624914,27445/54795/6844/477/778/5582/84699/196883/815/23236/3782/3780,12
NA,NA,hsa04082,Neuroactive ligand signaling,19/783,111/6540,0.17117117117117117,1.429705567636602,1.6838336811336514,0.06720301416724912,0.40443995798835386,0.3639895312790718,5025/79627/3359/2903/2788/1143/5582/4985/196883/6539/43/57030/6530/23236/1103/1128/2912/2911/2914,19
Human Diseases,Infectious disease: viral,hsa05171,Coronavirus disease - COVID-19,30/783,191/6540,0.15706806282722513,1.3119094902810373,1.6133591038034023,0.07053735012665585,0.4169261230700551,0.37522688131284976,6773/715/716/728/718/3593/629/4599/4939/51065/4600/4938/7113/834/6347/10379/2212/7124/5582/7097/7098/6123/3569/5602/720/721/3553/7450/5648/3456,30
Metabolism,Glycan biosynthesis and metabolism,hsa00603,Glycosphingolipid biosynthesis - globo and isoglobo series,4/783,14/6540,0.2857142857142857,2.3864258347016967,1.9150299061377807,0.0766251534892036,0.4380927349590593,0.39427649544733273,2524/28/53947/6489,4
Human Diseases,Endocrine and metabolic disease,hsa04936,Alcoholic liver disease,19/783,113/6540,0.168141592920354,1.4044010443156005,1.599137380469253,0.07763753433080227,0.4380927349590593,0.39427649544733273,728/718/3593/5465/83439/6319/1571/2920/2921/7124/23643/3569/3929/5602/720/721/3553/10891/3456,19
Human Diseases,Infectious disease: viral,hsa05162,Measles,18/783,106/6540,0.16981132075471697,1.4183474300585557,1.6013561969240713,0.07808903734919788,0.4380927349590593,0.39427649544733273,6773/868/3593/4599/4939/3718/4600/4938/317/27113/3665/10379/3560/7097/3569/5602/3553/3456,18
Human Diseases,Cancer: overview,hsa05204,Chemical carcinogenesis - DNA adducts,7/783,32/6540,0.21875,1.8271072796934866,1.7296231731801577,0.08001034857026204,0.4413904229459456,0.3972443621997221,1545/1571/2946/1543/2938/1544/2939,7
Human Diseases,Infectious disease: bacterial,hsa05152,Tuberculosis,23/783,143/6540,0.16083916083916083,1.3434075503041019,1.5311865932905673,0.08438805264134071,0.45790894138170124,0.4121107661345888,245972/7042/718/3593/5869/1509/317/1520/50617/64581/2212/22925/7124/7097/51561/3569/7096/3929/5602/815/3553/64127/3456,23
Organismal Systems,Sensory system,hsa04742,Taste transduction,8/783,39/6540,0.20512820512820512,1.713331368503782,1.6476766147674617,0.08701739137962333,0.46456058946218265,0.41809714364063505,6337/3359/196883/23236/954/2911/2914/29850,8
Organismal Systems,Immune system,hsa04611,Platelet activation,18/783,108/6540,0.16666666666666666,1.392081736909323,1.515143992754388,0.09001023401706049,0.4729109120578892,0.42561230120013566,3690/8605/11093/4846/1278/1277/6915/2212/3674/196883/10125/23533/54518/91807/23236/7450/123745/1281,18
Human Diseases,Infectious disease: bacterial,hsa05134,Legionellosis,10/783,53/6540,0.18867924528301888,1.5759415889539508,1.5525044763106417,0.09508598483238216,0.4801425328294592,0.43212064490614394,718/3593/317/834/2920/2921/7124/7097/3569/3553,10
Organismal Systems,Digestive system,hsa04975,Fat digestion and absorption,6/783,27/6540,0.2222222222222222,1.856108982545764,1.6438373040784273,0.09533010750015776,0.4801425328294592,0.43212064490614394,8611/376497/346606/64600/4547/948,6
Environmental Information Processing,Signal transduction,hsa04014,Ras signaling pathway,30/783,197/6540,0.15228426395939088,1.27195285605928,1.4292816451007366,0.09652684230492324,0.4801425328294592,0.43212064490614394,4804/5337/8605/1942/8398/5869/22808/6237/23179/4303/3643/2903/2788/25780/5582/5155/10125/9965/25759/5159/5602/1943/5923/64600/2254/8822/123745/3815/8437/51365,30
Organismal Systems,Nervous system,hsa04727,GABAergic synapse,11/783,60/6540,0.18333333333333332,1.5312899106002553,1.524607759584951,0.09718897190203554,0.4801425328294592,0.43212064490614394,23710/18/2788/778/5582/57468/196883/6539/11337/10991/5334,11
Cellular Processes,Cellular community - eukaryotes,hsa04510,Focal adhesion,28/783,184/6540,0.15217391304347827,1.2710311510911212,1.375227701338304,0.1062243637195018,0.5170627116346337,0.46534821877119215,6696/10398/3690/7059/3913/10451/3694/3691/1278/1298/1277/3696/3674/5582/5155/7148/91807/1286/25759/7448/58498/5159/5602/1299/5923/1285/7450/10319,28
Metabolism,Metabolism of other amino acids,hsa00430,Taurine and hypotaurine metabolism,3/783,10/6540,0.3,2.5057471264367814,1.7572513570765667,0.10795016297637765,0.5178478832634927,0.46605486075232466,2678/2329/2330,3
Human Diseases,Infectious disease: parasitic,hsa05142,Chagas disease,14/783,84/6540,0.16666666666666666,1.392081736909323,1.3337453876970344,0.12414399296766802,0.5815632913115466,0.523397714870942,7042/718/3593/6347/6352/7124/7097/3569/5602/23236/3553/3456/919/9630,14
Metabolism,Xenobiotics biodegradation and metabolism,hsa00983,Drug metabolism - other enzymes,9/783,49/6540,0.1836734693877551,1.5341308937368052,1.3839753928091525,0.12474620448072452,0.5815632913115466,0.523397714870942,978/7378/1890/1571/2946/2938/51733/2939/1807,9
Environmental Information Processing,Signal transduction,hsa04022,cGMP-PKG signaling pathway,20/783,128/6540,0.15625,1.3050766283524904,1.28545122054428,0.12707051469527925,0.5841713939463532,0.525744965771404,10398/8654/489/4205/4776/477/3643/4846/4882/6543/8660/4881/778/84699/4985/196883/23533/91807/4879/23236,20
Metabolism,Amino acid metabolism,hsa00380,Tryptophan metabolism,7/783,36/6540,0.19444444444444445,1.6240953597275438,1.3846830391372313,0.13152944891630675,0.5962879712212904,0.5366496926558283,1545/3620/1543/259307/26/1544/169355,7
Metabolism,Lipid metabolism,hsa00600,Sphingolipid metabolism,9/783,50/6540,0.18,1.503448275862069,1.31781955172872,0.13695514138725579,0.5962879712212904,0.5366496926558283,4758/5660/2581/79603/8611/123099/129807/9514/10715,9
Organismal Systems,Endocrine system,hsa03320,PPAR signaling pathway,10/783,57/6540,0.17543859649122806,1.4653491967466556,1.301268211565763,0.13751056354829283,0.5962879712212904,0.5366496926558283,5465/376497/1593/729359/6319/3157/440503/5346/364/948,10
Human Diseases,Infectious disease: viral,hsa05168,Herpes simplex virus 1 infection,23/783,152/6540,0.1513157894736842,1.2638636821939906,1.213828677887421,0.13919995033526478,0.5962879712212904,0.5366496926558283,6773/3690/8764/3133/718/3593/4939/3134/4938/317/6041/6347/3665/8740/10379/6352/7124/25833/7097/7098/3569/3553/3456,23
Organismal Systems,Immune system,hsa04625,C-type lectin receptor signaling pathway,15/783,93/6540,0.16129032258064516,1.347175874428377,1.2435138083912702,0.14026629503107155,0.5962879712212904,0.5366496926558283,6773/868/3593/22808/6237/4776/834/10379/64581/7124/51561/3569/5602/6361/3553,15
Environmental Information Processing,Signal transduction,hsa04630,JAK-STAT signaling pathway,18/783,115/6540,0.1565217391304348,1.307346326836582,1.2262494237403776,0.1405149901971621,0.5962879712212904,0.5366496926558283,6773/1489/3593/3718/5292/2057/10379/163702/3560/1026/5155/51561/6775/3569/5159/50615/50604/3456,18
Environmental Information Processing,Signal transduction,hsa04072,Phospholipase D signaling pathway,19/783,123/6540,0.15447154471544716,1.290222097623275,1.1982721006630594,0.14542247461431956,0.6051138325291986,0.5445928274948744,183/57121/5337/8605/22808/6237/8611/3643/196883/5155/23533/25759/5159/23236/2912/123745/3815/2911/2914,19
Human Diseases,Cancer: overview,hsa05202,Transcriptional misregulation in cancer,21/783,138/6540,0.15217391304347827,1.2710311510911212,1.186695656721634,0.14626001300837688,0.6051138325291986,0.5445928274948744,26471/4804/3486/3728/4094/1643/3398/1649/7113/604/64332/8938/4616/3560/7849/1026/3569/9915/3248/51513/8842,21
Environmental Information Processing,Signal transduction,hsa04015,Rap1 signaling pathway,26/783,176/6540,0.14772727272727273,1.2338906304423547,1.1599586501617036,0.14885914791507016,0.6051138325291986,0.5445928274948744,4804/57121/3690/1942/22808/57568/6237/10451/3643/5909/2357/2903/3674/25780/5582/196883/5155/54518/9965/2533/5159/23236/1943/2254/8822/3815,26
Human Diseases,Infectious disease: viral,hsa05160,Hepatitis C,20/783,131/6540,0.15267175572519084,1.2751893773215173,1.1733041656002872,0.14990735428215798,0.6051138325291986,0.5445928274948744,6773/4599/4939/4600/4938/5465/9076/317/6041/91543/3665/10379/137075/1026/7124/1364/1366/7098/3456/51208,20
NA,NA,hsa04519,Cadherin signaling,44/783,316/6540,0.13924050632911392,1.163004995392599,1.0953378573879766,0.15697256014259464,0.6259990049060099,0.5633891505434913,3872/3728/3868/147798/4647/5099/5097/3887/22808/83464/3892/6237/10451/10184/1001/1824/83439/1674/3856/3855/6324/56121/4642/653857/4542/259236/56127/56099/117531/1016/56126/54361/6330/5159/3889/5602/1014/1496/1003/3891/3857/1825/1015/1823,44
Organismal Systems,Immune system,hsa04623,Cytosolic DNA-sensing pathway,10/783,59/6540,0.1694915254237288,1.4156763426196506,1.1827657455370464,0.16191489710832524,0.6332097101007359,0.5698786705629137,1777/653082/834/3665/11035/6352/4210/3569/3553/3456,10
Organismal Systems,Immune system,hsa04613,Neutrophil extracellular trap formation,14/783,88/6540,0.1590909090909091,1.3288052943225357,1.1451737738887837,0.1626067231376512,0.6332097101007359,0.5698786705629137,3690/728/718/10014/834/2357/64581/2212/3674/5582/7097/23236/27180/7450,14
Human Diseases,Endocrine and metabolic disease,hsa04931,Insulin resistance,15/783,96/6540,0.15625,1.3050766283524904,1.1104658917838455,0.16912944765902307,0.6473073542260355,0.5825663261121579,183/79660/51085/5465/11000/376497/3643/4846/8660/7124/84699/3569/5602/10891/948,15
Human Diseases,Cardiovascular disease,hsa05417,Lipid and atherosclerosis,26/783,179/6540,0.1452513966480447,1.2132108992058908,1.0666247441446555,0.17013818676031747,0.6473073542260355,0.5825663261121579,3593/6648/1649/10451/317/834/4846/6347/3665/8743/2920/6352/2921/7124/25833/1543/7097/23643/3569/3929/5602/815/23236/3553/948/3456,26
Organismal Systems,Endocrine system,hsa04929,GnRH secretion,9/783,53/6540,0.16981132075471697,1.4183474300585557,1.127694666048661,0.17704555835697725,0.6659327251836303,0.5993288638160833,6696/8912/57657/778/610/5582/23236/3782/3780,9
Cellular Processes,Transport and catabolism,hsa04145,Phagosome,19/783,127/6540,0.14960629921259844,1.2495851811626997,1.0474383519220545,0.17973442062481493,0.6684504856945365,0.601594808241545,245972/715/3690/7846/7059/3133/718/3134/5869/1520/50617/64581/2212/22925/7097/347733/1780/948/6441,19
Metabolism,Lipid metabolism,hsa00592,alpha-Linolenic acid metabolism,4/783,19/6540,0.21052631578947367,1.758419036095987,1.2208642044855116,0.18533406731361746,0.6816175142311931,0.6134449245585233,8605/8398/64600/123745,4
Cellular Processes,Transport and catabolism,hsa04148,Efferocytosis,21/783,144/6540,0.14583333333333334,1.218071519795658,0.975808066298353,0.19609397296256892,0.7101854949863854,0.639155652985044,5627/3690/489/8398/100133941/5869/29933/4776/2057/834/575/64284/338440/8578/1850/4035/1901/815/246/240/948,21
Metabolism,Lipid metabolism,hsa00120,Primary bile acid biosynthesis,3/783,13/6540,0.23076923076923078,1.927497789566755,1.234429205094894,0.19739294724697115,0.7101854949863854,0.639155652985044,1593/51302/6718,3
NA,NA,hsa04081,Hormone signaling,20/783,137/6540,0.145985401459854,1.2193416673658304,0.9568152930780056,0.20190501028899827,0.718608154899553,0.6467359129800396,183/90/3690/2696/7433/2057/3643/4882/2847/8660/2642/4881/2788/799/4985/196883/4879/23236/9630/4295,20
Metabolism,Lipid metabolism,hsa00100,Steroid biosynthesis,4/783,20/6540,0.2,1.6704980842911878,1.107457774508414,0.21122762102347,0.7282285250919884,0.65539409318185,4047/7108/6307/6713,4
Organismal Systems,Endocrine system,hsa04923,Regulation of lipolysis in adipocytes,7/783,41/6540,0.17073170731707318,1.4260349500046727,1.0091420960306567,0.21354442841253163,0.7282285250919884,0.65539409318185,3643/57104/8660/4881/196883/5346/364,7
Human Diseases,Cardiovascular disease,hsa05418,Fluid shear stress and atherosclerosis,18/783,123/6540,0.14634146341463414,1.2223156714325762,0.9178993219311211,0.2142636749294457,0.7282285250919884,0.65539409318185,445/90/3690/4205/8878/6385/4846/6347/2946/3674/3162/7124/5155/2938/5602/2939/3553/1003,18
Human Diseases,Drug resistance: antineoplastic,hsa01523,Antifolate resistance,5/783,27/6540,0.18518518518518517,1.5467574854548034,1.049843383493151,0.21552792670770657,0.7282285250919884,0.65539409318185,4524/7124/3569/2348/3553,5
Human Diseases,Cancer: specific types,hsa05216,Thyroid cancer,6/783,34/6540,0.17647058823529413,1.4739688979039893,1.0218113161285838,0.2156084454955132,0.7282285250919884,0.65539409318185,1643/83439/4616/7849/1026/5979,6
Cellular Processes,Transport and catabolism,hsa04137,Mitophagy - animal,15/783,101/6540,0.1485148514851485,1.240468874473654,0.8981498050809744,0.2232955519280116,0.7433477793291545,0.6690011815873771,23710/285973/10133/79735/65018/5869/8878/22808/6237/8408/84557/7942/440738/11337/5602,15
Metabolism,Amino acid metabolism,hsa00360,Phenylalanine metabolism,3/783,14/6540,0.21428571428571427,1.7898193760262724,1.0909546603066789,0.2303296182718166,0.7433477793291545,0.6690011815873771,221/222/259307,3
Environmental Information Processing,Signal transduction,hsa04371,Apelin signaling pathway,17/783,117/6540,0.1452991452991453,1.2136097193568458,0.859772231319065,0.23163141939281107,0.7433477793291545,0.6690011815873771,6696/59/10014/4205/22808/6237/4846/84557/6543/2788/440738/196883/23533/91807/23236/5346/10891,17
NA,NA,hsa03272,Virion - Hepatitis viruses,7/783,42/6540,0.16666666666666666,1.392081736909323,0.9400475894376069,0.23184396403238167,0.7433477793291545,0.6690011815873771,928/9076/1803/137075/1364/1366/51208,7
Metabolism,Amino acid metabolism,hsa00260,"Glycine, serine and threonine metabolism",6/783,35/6540,0.17142857142857143,1.431855500821018,0.9446855286147354,0.2359342630023971,0.7433477793291545,0.6690011815873771,1491/113675/51268/10993/189/212,6
Metabolism,Metabolism of cofactors and vitamins,hsa00760,Nicotinate and nicotinamide metabolism,6/783,35/6540,0.17142857142857143,1.431855500821018,0.9446855286147354,0.2359342630023971,0.7433477793291545,0.6690011815873771,4837/23475/23057/23098/27231/349565,6
Metabolism,Carbohydrate metabolism,hsa00650,Butanoate metabolism,4/783,21/6540,0.19047619047619047,1.5909505564677977,1.0002504093099678,0.23805095048003136,0.7433477793291545,0.6690011815873771,3155/18/3157/116285,4
Metabolism,Metabolism of cofactors and vitamins,hsa00790,Folate biosynthesis,4/783,21/6540,0.19047619047619047,1.5909505564677977,1.0002504093099678,0.23805095048003136,0.7433477793291545,0.6690011815873771,250/441282/57016/8644,4
Organismal Systems,Nervous system,hsa04724,Glutamatergic synapse,13/783,88/6540,0.14772727272727273,1.2338906304423547,0.8146018953033033,0.25046629355084754,0.7748069454703788,0.6973139308892262,5337/8605/2903/2788/5582/196883/57030/23236/10991/2912/123745/2911/2914,13
Metabolism,Carbohydrate metabolism,hsa00040,Pentose and glucuronate interconversions,3/783,15/6540,0.2,1.6704980842911878,0.9587190298027,0.26416297157555896,0.799230535982474,0.7192947739959934,441282/57016/27294,3
Metabolism,Glycan biosynthesis and metabolism,hsa00511,Other glycan degradation,3/783,15/6540,0.2,1.6704980842911878,0.9587190298027,0.26416297157555896,0.799230535982474,0.7192947739959934,4758/2517/129807,3
Human Diseases,Immune disease,hsa05330,Allograft rejection,4/783,22/6540,0.18181818181818182,1.5186346220828981,0.8985745262440223,0.2656053140727255,0.799230535982474,0.7192947739959934,3133/3593/3134/7124,4
Cellular Processes,Transport and catabolism,hsa04140,Autophagy - animal,22/783,160/6540,0.1375,1.1484674329501918,0.7011634777552721,0.27504882435559974,0.8166356907816711,0.7349591365597485,23710/285973/10133/53349/58528/11152/55062/8878/22808/1509/6237/64121/8408/58476/8897/23604/64798/84557/8660/440738/11337/5602,22
Human Diseases,Infectious disease: viral,hsa05167,Kaposi sarcoma-associated herpesvirus infection,23/783,168/6540,0.13690476190476192,1.1434957124612297,0.6948548883748831,0.2763238591164567,0.8166356907816711,0.7349591365597485,6773/3133/718/1827/3134/4776/83439/84557/3665/10379/2920/2788/440738/2921/1026/5155/7098/23533/9976/1232/3569/5602/3456,23
Organismal Systems,Excretory system,hsa04960,Aldosterone-regulated sodium reabsorption,5/783,30/6540,0.16666666666666666,1.392081736909323,0.7937526376670132,0.28631497673374245,0.8386748433528208,0.7547940234340859,6337/477/3643/5582/53828,5
Organismal Systems,Nervous system,hsa04721,Synaptic vesicle cycle,9/783,61/6540,0.14754098360655737,1.2323346523459582,0.6723003718784153,0.30426802931832087,0.8834448921435456,0.7950863554670805,245972/6844/6857/50617/6539/57030/23025/6530/440279,9
Metabolism,Amino acid metabolism,hsa00250,"Alanine, aspartate and glutamate metabolism",5/783,31/6540,0.16129032258064516,1.347175874428377,0.714515548977525,0.31084209484685704,0.8869718396061179,0.7982605521021828,445/18/8528/189/259307,5
Cellular Processes,Cell growth and death,hsa04215,Apoptosis - multiple species,5/783,31/6540,0.16129032258064516,1.347175874428377,0.714515548977525,0.31084209484685704,0.8869718396061179,0.7982605521021828,4804/317/27113/79444/5602,5
Organismal Systems,Immune system,hsa04650,Natural killer cell mediated cytotoxicity,12/783,86/6540,0.13953488372093023,1.1654637797380378,0.5696080533349995,0.33113515671278565,0.9344308213219906,0.8409728810116818,3133/10451/8743/80329/7124/5582/25759/3821/3802/10870/3456/919,12
Metabolism,Glycan biosynthesis and metabolism,hsa00531,Glycosaminoglycan degradation,3/783,17/6540,0.17647058823529413,1.4739688979039893,0.7215875814615722,0.33312035322052835,0.9344308213219906,0.8409728810116818,138050/3373/3425,3
Human Diseases,Infectious disease: viral,hsa05165,Human papillomavirus infection,38/783,295/6540,0.1288135593220339,1.0759140203909345,0.49204544275684436,0.33799085858404526,0.9390601737292331,0.84513922456789,6773/6696/245972/3690/7059/3133/4599/3134/4600/3913/3694/3691/1278/54626/1298/83439/1277/3993/3696/92359/10379/50617/3674/1026/84667/7124/84699/7098/54361/7148/1286/7448/5159/1299/1285/7450/10319/3456,38
Organismal Systems,Excretory system,hsa04962,Vasopressin-regulated water reabsorption,6/783,40/6540,0.15,1.2528735632183907,0.5915823122541178,0.3442065707915764,0.9390601737292331,0.84513922456789,6844/5869/360/84699/398/1780,6
Organismal Systems,Endocrine system,hsa04925,Aldosterone synthesis and secretion,11/783,79/6540,0.13924050632911392,1.163004995392599,0.5375303915436197,0.34442448424688143,0.9390601737292331,0.84513922456789,183/8912/477/4881/778/5582/84699/4929/196883/815/23236,11
Organismal Systems,Immune system,hsa04666,Fc gamma R-mediated phagocytosis,12/783,87/6540,0.13793103448275862,1.15206764433875,0.5265674956335439,0.34611885557391675,0.9390601737292331,0.84513922456789,2934/5337/8605/8398/8611/10451/55616/85477/2212/653857/5582/123745,12
Human Diseases,Cancer: overview,hsa05200,Pathways in cancer,56/783,444/6540,0.12612612612612611,1.053467260363812,0.4303238060982573,0.3560440745675529,0.9472543956321977,0.8525138939860455,6773/183/7042/57121/3728/5337/3593/1030/1643/3718/7296/3913/5292/2057/2034/317/27113/79444/23604/83439/4616/2788/2946/3674/3560/3162/7849/1026/25780/5582/10023/196883/5155/10125/238/54361/51561/1286/9965/2938/6775/3569/9915/5159/5602/815/23236/2939/28514/1496/1285/2254/8822/3815/10319/5979,56
Cellular Processes,Cell growth and death,hsa04115,p53 signaling pathway,10/783,72/6540,0.1388888888888889,1.1600681140911027,0.5036449755734236,0.358846702206223,0.9472543956321977,0.8525138939860455,901/3486/9540/1643/317/64065/575/27113/4616/1026,10
Organismal Systems,Development and regeneration,hsa04360,Axon guidance,21/783,160/6540,0.13125,1.096264367816092,0.4546253517058376,0.36029902753411125,0.9472543956321977,0.8525138939860455,10398/1942/55558/6237/54961/4776/59277/27289/54437/5364/3897/1949/57715/10500/64218/54361/6585/815/1943/2046/4917,21
Organismal Systems,Digestive system,hsa04973,Carbohydrate digestion and absorption,5/783,33/6540,0.15151515151515152,1.2655288517357484,0.5639189889904723,0.3605862654068185,0.9472543956321977,0.8525138939860455,6518/80201/477/23236/280,5
Organismal Systems,Sensory system,hsa04744,Phototransduction,3/783,18/6540,0.16666666666666666,1.392081736909323,0.6142722604479371,0.3676302764817133,0.950589019811137,0.8555150027239681,5158/3000/6011,3
Organismal Systems,Excretory system,hsa04964,Proximal tubule bicarbonate reclamation,3/783,18/6540,0.16666666666666666,1.392081736909323,0.6142722604479371,0.3676302764817133,0.950589019811137,0.8555150027239681,6550/477/10991,3
Organismal Systems,Endocrine system,hsa04927,Cortisol synthesis and secretion,7/783,49/6540,0.14285714285714285,1.1932129173508483,0.5006299510512979,0.3704712494127996,0.950589019811137,0.8555150027239681,183/8912/778/84699/196883/23236/3776,7
Metabolism,Carbohydrate metabolism,hsa00562,Inositol phosphate metabolism,10/783,73/6540,0.136986301369863,1.1441767700624574,0.4568185453389115,0.37563616180692183,0.9564274581391624,0.8607695043834728,5333/4329/84812/138429/79837/8897/5287/9651/55586/23236,10
Metabolism,Carbohydrate metabolism,hsa00053,Ascorbate and aldarate metabolism,2/783,11/6540,0.18181818181818182,1.5186346220828981,0.6348526671839477,0.38621083152992863,0.969519029602733,0.8725517105344999,51171/55586,2
Organismal Systems,Endocrine system,hsa04918,Thyroid hormone synthesis,8/783,58/6540,0.13793103448275862,1.15206764433875,0.4289777201750327,0.3920702945445856,0.969519029602733,0.8725517105344999,477/7849/5582/84699/196883/50506/23236/213,8
Organismal Systems,Sensory system,hsa04750,Inflammatory mediator regulation of TRP channels,11/783,82/6540,0.13414634146341464,1.1204560321465284,0.4047854506695547,0.3922021993714556,0.969519029602733,0.8725517105344999,8605/8398/5582/196883/79054/55515/5602/815/23236/3553/123745,11
Organismal Systems,Digestive system,hsa04972,Pancreatic secretion,9/783,66/6540,0.13636363636363635,1.1389759665621735,0.418469450209008,0.39249410866092516,0.969519029602733,0.8725517105344999,489/5874/477/5582/196883/23236/280/64600/6344,9
Organismal Systems,Nervous system,hsa04725,Cholinergic synapse,12/783,91/6540,0.13186813186813187,1.1014273083238602,0.3593087910393344,0.4070041338301723,0.9891220706876026,0.8901941358072557,2788/1143/778/5582/84699/196883/43/23533/815/23236/1103/1128,12
Metabolism,Carbohydrate metabolism,hsa00630,Glyoxylate and dicarboxylate metabolism,4/783,27/6540,0.14814814814814814,1.2374059883638426,0.45584946290787476,0.40789676444708645,0.9891220706876026,0.8901941358072557,55902/84532/112817/189,4
Cellular Processes,Cell motility,hsa04810,Regulation of actin cytoskeleton,25/783,197/6540,0.12690355329949238,1.0599607133827333,0.31513089550493983,0.40939493560181744,0.9891220706876026,0.8901941358072557,2934/10398/57121/3690/22808/79837/6237/54961/10451/3694/3691/3696/85477/3674/653857/5155/91807/9965/58498/5159/9459/1128/2254/8822/10788,25
Organismal Systems,Nervous system,hsa04726,Serotonergic synapse,11/783,84/6540,0.13095238095238096,1.093778507571611,0.3190065748144605,0.42432033612385145,0.9999997996974109,0.8999839189517168,8605/3359/2788/778/5582/23236/260293/247/246/240/123745,11
Environmental Information Processing,Signal transduction,hsa04024,cAMP signaling pathway,21/783,166/6540,0.12650602409638553,1.0566403545215344,0.2725915646432111,0.4285830005008975,0.9999997996974109,0.8999839189517168,10398/5337/489/2696/6237/5465/10451/477/2903/4881/778/610/84699/196883/5602/815/1262/1128/338442/5348/3776,21
Human Diseases,Cancer: specific types,hsa05218,Melanoma,8/783,60/6540,0.13333333333333333,1.1136653895274584,0.32617810241120354,0.43024934000800386,0.9999997996974109,0.8999839189517168,1643/4616/1026/5155/9965/5159/2254/8822,8
NA,NA,hsa03273,Virion - Lassa virus and SFTS virus,2/783,12/6540,0.16666666666666666,1.392081736909323,0.5013206551481506,0.43030481266318754,0.9999997996974109,0.8999839189517168,5099/5097,2
Metabolism,Amino acid metabolism,hsa00280,"Valine, leucine and isoleucine degradation",6/783,44/6540,0.13636363636363635,1.1389759665621735,0.34109980277700747,0.43387561433576016,0.9999997996974109,0.8999839189517168,4329/56922/3155/18/3157/259307,6
Organismal Systems,Immune system,hsa04062,Chemokine signaling pathway,18/783,142/6540,0.1267605633802817,1.0587663914521612,0.26108956399718874,0.4358030479926025,0.9999997996974109,0.8999839189517168,6773/3718/10451/58191/6347/2920/2788/6352/2921/196883/23533/25759/2268/1232/6011/23236/6373/6361,18
Organismal Systems,Digestive system,hsa04979,Cholesterol metabolism,5/783,37/6540,0.13513513513513514,1.1287149218183703,0.2895418315274591,0.4598699344635886,0.9999997996974109,0.8999839189517168,348/6272/1593/4035/948,5
Metabolism,Amino acid metabolism,hsa00350,Tyrosine metabolism,4/783,29/6540,0.13793103448275862,1.15206764433875,0.3026567781859862,0.4639555420664647,0.9999997996974109,0.8999839189517168,221/222/259307/1621,4
Metabolism,Metabolism of other amino acids,hsa00450,Selenocompound metabolism,2/783,13/6540,0.15384615384615385,1.2849985263778367,0.3793114208219772,0.4726524245570455,0.9999997996974109,0.8999839189517168,1491/7296,2
Metabolism,Nucleotide metabolism,hsa00240,Pyrimidine metabolism,7/783,54/6540,0.12962962962962962,1.0827302398183623,0.22511846872234687,0.4728487452313055,0.9999997996974109,0.8999839189517168,978/7378/1890/129607/51733/377841/1807,7
Organismal Systems,Development and regeneration,hsa04380,Osteoclast differentiation,14/783,112/6540,0.125,1.0440613026819923,0.1734470210686401,0.47493319218760144,0.9999997996974109,0.8999839189517168,6773/7042/3690/54/489/8878/10379/2212/7124/799/126014/5602/3553/3456,14
Organismal Systems,Endocrine system,hsa04926,Relaxin signaling pathway,14/783,112/6540,0.125,1.0440613026819923,0.1734470210686401,0.47493319218760144,0.9999997996974109,0.8999839189517168,59/4846/1278/1277/3640/2788/84699/196883/1286/25759/5602/23236/1285/1281,14
Environmental Information Processing,Signal transduction,hsa04668,TNF signaling pathway,14/783,113/6540,0.12389380530973451,1.0348218221272845,0.1376971652336649,0.4889551324765643,0.9999997996974109,0.8999839189517168,1326/64285/6347/11035/2920/6352/2921/7124/84699/3569/5602/3553/64127/3456,14
Metabolism,Carbohydrate metabolism,hsa00640,Propanoate metabolism,4/783,30/6540,0.13333333333333333,1.1136653895274584,0.2301106995191016,0.4912848598099606,0.9999997996974109,0.8999839189517168,4329/55902/18/84532,4
Metabolism,Lipid metabolism,hsa00564,Glycerophospholipid metabolism,11/783,89/6540,0.12359550561797752,1.032330276809161,0.1132476869338642,0.5040088527843687,0.9999997996974109,0.8999839189517168,56261/5337/8605/8398/375775/8611/43/1103/64600/123745/51365,11
Human Diseases,Endocrine and metabolic disease,hsa04930,Type II diabetes mellitus,5/783,39/6540,0.1282051282051282,1.0708321053148637,0.1636103621054043,0.5079541142614592,0.9999997996974109,0.8999839189517168,80201/3643/8660/7124/5602,5
Organismal Systems,Digestive system,hsa04970,Salivary secretion,7/783,56/6540,0.125,1.0440613026819923,0.12211479322437481,0.5127858920764197,0.9999997996974109,0.8999839189517168,6844/477/5582/196883/55503/23236/280,7
Metabolism,Carbohydrate metabolism,hsa00051,Fructose and mannose metabolism,4/783,31/6540,0.12903225806451613,1.0777406995427017,0.15999653980308418,0.5180171212859761,0.9999997996974109,0.8999839189517168,51171/80201/441282/57016,4
Human Diseases,Cancer: specific types,hsa05222,Small cell lung cancer,11/783,90/6540,0.12222222222222222,1.0208599404001701,0.07348401812817552,0.519648375609828,0.9999997996974109,0.8999839189517168,1030/1643/3913/317/79444/4616/3674/1026/1286/1285/10319,11
Organismal Systems,Sensory system,hsa04740,Olfactory transduction,6/783,48/6540,0.125,1.0440613026819923,0.11298664971339087,0.5212208351571417,0.9999997996974109,0.8999839189517168,6543/2788/3000/815/1262/4992,6
Organismal Systems,Immune system,hsa04612,Antigen processing and presentation,7/783,57/6540,0.12280701754385964,1.025744437722659,0.07198984905816642,0.53235660396916,0.9999997996974109,0.8999839189517168,3133/3134/1520/7124/3821/3802/115653,7
Organismal Systems,Digestive system,hsa04971,Gastric acid secretion,7/783,57/6540,0.12280701754385964,1.025744437722659,0.07198984905816642,0.53235660396916,0.9999997996974109,0.8999839189517168,477/5582/196883/91807/815/23236/3776,7
Human Diseases,Cancer: specific types,hsa05226,Gastric cancer,15/783,125/6540,0.12,1.0022988505747126,0.009569865944312085,0.538091989048381,0.9999997996974109,0.8999839189517168,7042/3728/1030/1643/83439/4616/1026/10023/54361/9965/25759/1496/2254/8822/1015,15
Cellular Processes,Transport and catabolism,hsa04136,Autophagy - other,4/783,32/6540,0.125,1.0440613026819923,0.09213974055157748,0.5440714395155952,0.9999997996974109,0.8999839189517168,23710/285973/55062/11337,4
Environmental Information Processing,Signal transduction,hsa04071,Sphingolipid signaling pathway,14/783,117/6540,0.11965811965811966,0.999443298293873,-0.0022407064130652303,0.5441587083034729,0.9999997996974109,0.8999839189517168,5337/9294/79603/1509/4846/7124/5582/4985/123099/1901/5602/23236/8698/10715,14
Metabolism,Glycan biosynthesis and metabolism,hsa00604,Glycosphingolipid biosynthesis - ganglio series,2/783,15/6540,0.13333333333333333,1.1136653895274584,0.1625257021951244,0.5513282646859716,0.9999997996974109,0.8999839189517168,8705/6489,2
Human Diseases,Infectious disease: parasitic,hsa05140,Leishmaniasis,7/783,58/6540,0.1206896551724138,1.0080591887964065,0.022734701069224185,0.55161158761567,0.9999997996974109,0.8999839189517168,7042/718/3593/2212/7124/7097/3553,7
Human Diseases,Infectious disease: viral,hsa05161,Hepatitis B,17/783,143/6540,0.11888111888111888,0.9929534067465101,-0.031419370682329514,0.5518721675682079,0.9999997996974109,0.8999839189517168,6773/7042/1643/3718/4776/317/3665/1026/7124/5582/84699/7097/7098/6775/3569/5602/3456,17
Human Diseases,Immune disease,hsa05340,Primary immunodeficiency,3/783,24/6540,0.125,1.0440613026819923,0.0797463567136303,0.5612383502767702,0.9999997996974109,0.8999839189517168,3718/973/5896,3
Metabolism,Metabolism of cofactors and vitamins,hsa00670,One carbon pool by folate,4/783,33/6540,0.12121212121212122,1.0124230813885986,0.02638361688761712,0.5693797393926674,0.9999997996974109,0.8999839189517168,10841/4524/1491/10840,4
Organismal Systems,Immune system,hsa04658,Th1 and Th2 cell differentiation,9/783,77/6540,0.11688311688311688,0.9762651141961486,-0.07725985098024378,0.5837714518138726,0.9999997996974109,0.8999839189517168,4094/3593/3718/3560/6775/5602/28514/919/30009,9
Human Diseases,Substance dependence,hsa05033,Nicotine addiction,2/783,16/6540,0.125,1.0440613026819923,0.06507269344680439,0.5874416186788829,0.9999997996974109,0.8999839189517168,2903/57030,2
Human Diseases,Immune disease,hsa05310,Asthma,2/783,16/6540,0.125,1.0440613026819923,0.06507269344680439,0.5874416186788829,0.9999997996974109,0.8999839189517168,7124/8288,2
Metabolism,Lipid metabolism,hsa01040,Biosynthesis of unsaturated fatty acids,3/783,25/6540,0.12,1.0022988505747126,0.004246801600317291,0.5899396016041809,0.9999997996974109,0.8999839189517168,641371/6319/79993,3
Organismal Systems,Excretory system,hsa04966,Collecting duct acid secretion,3/783,25/6540,0.12,1.0022988505747126,0.004246801600317291,0.5899396016041809,0.9999997996974109,0.8999839189517168,245972/50617/1188,3
Metabolism,Metabolism of cofactors and vitamins,hsa00830,Retinol metabolism,4/783,34/6540,0.11764705882352941,0.9826459319359927,-0.03741296782781766,0.5938860458112103,0.9999997996974109,0.8999839189517168,195814/1543/1544/145226,4
Human Diseases,Cancer: specific types,hsa05214,Glioma,8/783,69/6540,0.11594202898550725,0.9684046865456161,-0.09729711180958238,0.5946414169508958,0.9999997996974109,0.8999839189517168,1643/4616/1026/5582/5155/25759/5159/815,8
Organismal Systems,Immune system,hsa04670,Leukocyte transendothelial migration,11/783,95/6540,0.11578947368421053,0.9671304698527929,-0.119009676014422,0.5952014889420725,0.9999997996974109,0.8999839189517168,10398/10451/9076/137075/5582/1364/1366/58498/1496/1003/51208,11
Human Diseases,Cancer: overview,hsa05206,MicroRNAs in cancer,19/783,164/6540,0.11585365853658537,0.9676665732174564,-0.15464573233701967,0.5982484076476011,0.9999997996974109,0.8999839189517168,90427/6659/7042/27250/3690/1942/10014/1545/5292/2065/8660/3162/1026/5582/5155/7148/5159/1943/407019,19
Organismal Systems,Immune system,hsa04659,Th17 cell differentiation,10/783,87/6540,0.11494252873563218,0.9600563702822917,-0.13831355880093352,0.6049049596297124,0.9999997996974109,0.8999839189517168,6097/3718/3560/51561/3569/50615/5602/3553/919/30009,10
Metabolism,Nucleotide metabolism,hsa00230,Purine metabolism,12/783,105/6540,0.11428571428571428,0.9545703338806787,-0.17306065931207698,0.6142088029735893,0.9999997996974109,0.8999839189517168,8654/2766/144811/4882/27115/4881/196883/5158/3000/377841/954/55821,12
Metabolism,Carbohydrate metabolism,hsa00500,Starch and sucrose metabolism,3/783,26/6540,0.11538461538461539,0.9637488947833776,-0.06830027992978796,0.6174015917210844,0.9999997996974109,0.8999839189517168,80201/8908/280,3
Human Diseases,Cancer: overview,hsa05231,Choline metabolism in cancer,10/783,88/6540,0.11363636363636363,0.9491466388018112,-0.1771137404531381,0.6198620786229421,0.9999997996974109,0.8999839189517168,57153/56261/5337/8605/8611/5582/5155/5159/5602/123745,10
Organismal Systems,Endocrine system,hsa04614,Renin-angiotensin system,2/783,17/6540,0.11764705882352941,0.9826459319359927,-0.026420467794836314,0.6213511207399964,0.9999997996974109,0.8999839189517168,183/5476,2
Organismal Systems,Immune system,hsa04657,IL-17 signaling pathway,9/783,80/6540,0.1125,0.9396551724137931,-0.20026599848526216,0.6312462043281102,0.9999997996974109,0.8999839189517168,6347/2920/2921/7124/3934/3569/5602/6361/3553,9
Human Diseases,Cancer: overview,hsa05207,Chemical carcinogenesis - receptor activation,17/783,150/6540,0.11333333333333333,0.9466155810983397,-0.2439204177481207,0.6345529350877273,0.9999997996974109,0.8999839189517168,1545/5465/604/402569/1143/2946/778/5582/84699/196883/1543/2938/1544/2939/28514/2254/8822,17
Environmental Information Processing,Signal transduction,hsa04066,HIF-1 signaling pathway,11/783,98/6540,0.11224489795918367,0.9375244350613808,-0.22980067738895826,0.6378091200883111,0.9999997996974109,0.8999839189517168,80201/2034/2872/3643/4846/3162/1026/5582/3569/815/7018,11
Metabolism,Amino acid metabolism,hsa00270,Cysteine and methionine metabolism,5/783,45/6540,0.1111111111111111,0.928054491272882,-0.17859068456961308,0.6397424896311948,0.9999997996974109,0.8999839189517168,1491/113675/144811/10993/259307,5
Metabolism,Carbohydrate metabolism,hsa00052,Galactose metabolism,3/783,27/6540,0.1111111111111111,0.928054491272882,-0.13814445767740144,0.6435896951303341,0.9999997996974109,0.8999839189517168,80201/441282/57016,3
Human Diseases,Infectious disease: parasitic,hsa05145,Toxoplasmosis,11/783,99/6540,0.1111111111111111,0.928054491272882,-0.26600087825274105,0.6514745821497978,0.9999997996974109,0.8999839189517168,7042/3593/3913/79444/7124/7097/23533/23643/5602/240/10319,11
Metabolism,Amino acid metabolism,hsa00220,Arginine biosynthesis,2/783,18/6540,0.1111111111111111,0.928054491272882,-0.1127166254242145,0.653066226272282,0.9999997996974109,0.8999839189517168,445/4846,2
Organismal Systems,Immune system,hsa04622,RIG-I-like receptor signaling pathway,6/783,55/6540,0.10909090909090909,0.9111807732497387,-0.2439336855200459,0.658603707750865,0.9999997996974109,0.8999839189517168,3593/79132/3665/7124/5602/3456,6
Metabolism,Metabolism of other amino acids,hsa00480,Glutathione metabolism,5/783,46/6540,0.10869565217391304,0.907879393636515,-0.23121606012725235,0.6594566321557072,0.9999997996974109,0.8999839189517168,3417/2946/2678/2938/2939,5
Cellular Processes,Cell growth and death,hsa04210,Apoptosis,14/783,127/6540,0.11023622047244094,0.9207469755935681,-0.33260250821941717,0.6713365007601835,0.9999997996974109,0.8999839189517168,8722/8739/1519/7846/1649/1509/317/27113/1520/4616/8743/1512/7124/5602,14
Metabolism,Global and overview maps,hsa01232,Nucleotide metabolism,8/783,74/6540,0.10810810810810811,0.9029719374546962,-0.3095521353408197,0.6750986497354508,0.9999997996974109,0.8999839189517168,978/2766/7378/1890/144811/129607/377841/954,8
Cellular Processes,Cellular community - eukaryotes,hsa04540,Gap junction,8/783,74/6540,0.10810810810810811,0.9029719374546962,-0.3095521353408197,0.6750986497354508,0.9999997996974109,0.8999839189517168,7846/5582/196883/5155/347733/5159/23236/2911,8
Environmental Information Processing,Signal transduction,hsa04350,TGF-beta signaling pathway,11/783,101/6540,0.10891089108910891,0.9096771746140131,-0.33735521153144005,0.6779370575422075,0.9999997996974109,0.8999839189517168,7042/90/1030/3398/3399/79639/7124/83729/8200/8646/7018,11
Metabolism,Metabolism of cofactors and vitamins,hsa00785,Lipoic acid metabolism,2/783,19/6540,0.10526315789473684,0.8792095180479935,-0.19444234471864447,0.6826256863395235,0.9999997996974109,0.8999839189517168,55753/116285,2
Human Diseases,Cardiovascular disease,hsa05415,Diabetic cardiomyopathy,18/783,164/6540,0.10975609756097561,0.9167367535744322,-0.3982351084170078,0.6907843311804215,0.9999997996974109,0.8999839189517168,183/7042/489/1509/5465/5166/3643/4846/1278/1277/5164/5582/56901/5602/815/23236/948/1281,18
Environmental Information Processing,Signal transduction,hsa04370,VEGF signaling pathway,6/783,57/6540,0.10526315789473684,0.8792095180479935,-0.3377696051110325,0.6930130505332853,0.9999997996974109,0.8999839189517168,8605/4846/5582/3315/25759/123745,6
Organismal Systems,Nervous system,hsa04730,Long-term depression,5/783,48/6540,0.10416666666666667,0.870051085568327,-0.33322874227065213,0.696745372250272,0.9999997996974109,0.8999839189517168,8605/5582/23236/123745/2911,5
Organismal Systems,Endocrine system,hsa04920,Adipocytokine signaling pathway,6/783,58/6540,0.10344827586206896,0.8640507332540627,-0.38350831803658436,0.7093286039468563,0.9999997996974109,0.8999839189517168,5465/8660/7124/5602/10891/948,6
Metabolism,Glycan biosynthesis and metabolism,hsa00532,Glycosaminoglycan biosynthesis - chondroitin sulfate / dermatan sulfate,2/783,20/6540,0.1,0.8352490421455939,-0.2721181960220675,0.7100904132468937,0.9999997996974109,0.8999839189517168,10090/55790,2
Metabolism,Metabolism of cofactors and vitamins,hsa00770,Pantothenate and CoA biosynthesis,2/783,20/6540,0.1,0.8352490421455939,-0.2721181960220675,0.7100904132468937,0.9999997996974109,0.8999839189517168,51733/1807,2
Metabolism,Metabolism of terpenoids and polyketides,hsa00900,Terpenoid backbone biosynthesis,2/783,20/6540,0.1,0.8352490421455939,-0.2721181960220675,0.7100904132468937,0.9999997996974109,0.8999839189517168,3157/4597,2
NA,NA,hsa04981,Folate transport and metabolism,2/783,20/6540,0.1,0.8352490421455939,-0.2721181960220675,0.7100904132468937,0.9999997996974109,0.8999839189517168,4524/2348,2
Human Diseases,Cancer: overview,hsa05205,Proteoglycans in cancer,19/783,175/6540,0.10857142857142857,0.9068418171866447,-0.46065868521963266,0.7120491745398784,0.9999997996974109,0.8999839189517168,7042/27250/3690/3593/22808/6237/10451/2065/6385/1278/1277/1026/7124/5582/7097/54361/4060/7448/815,19
Organismal Systems,Environmental adaptation,hsa04710,Circadian rhythm,3/783,30/6540,0.1,0.8352490421455939,-0.33353123862881,0.714396426744395,0.9999997996974109,0.8999839189517168,6097/8553/1628,3
Human Diseases,Infectious disease: viral,hsa05169,Epstein-Barr virus infection,19/783,176/6540,0.10795454545454546,0.9016893068617207,-0.4875626641967844,0.7213804228438958,0.9999997996974109,0.8999839189517168,6773/3133/4939/3134/1643/3718/4938/317/3665/10379/4616/1026/7124/7097/3569/5602/377841/3456/919,19
Environmental Information Processing,Signal transduction,hsa04330,Notch signaling pathway,6/783,59/6540,0.1016949152542373,0.8494058055717905,-0.4285008223559462,0.725043103516103,0.9999997996974109,0.8999839189517168,83464/1840/6310/23220/7091/28514,6
Human Diseases,Cancer: specific types,hsa05223,Non-small cell lung cancer,7/783,69/6540,0.10144927536231885,0.8473541007274141,-0.47006987761782465,0.7352803647479265,0.9999997996974109,0.8999839189517168,1643/3718/4616/1026/5582/238/5979,7
Metabolism,Glycan biosynthesis and metabolism,hsa00512,Mucin type O-glycan biosynthesis,3/783,31/6540,0.0967741935483871,0.8083055246570263,-0.3945224693713567,0.7354370666149401,0.9999997996974109,0.8999839189517168,11227/9245/10610,3
Metabolism,Global and overview maps,hsa01210,2-Oxocarboxylic acid metabolism,3/783,31/6540,0.0967741935483871,0.8083055246570263,-0.3945224693713567,0.7354370666149401,0.9999997996974109,0.8999839189517168,3417/55753/189,3
Metabolism,Glycan biosynthesis and metabolism,hsa00534,Glycosaminoglycan biosynthesis - heparan sulfate / heparin,2/783,21/6540,0.09523809523809523,0.7954752782338989,-0.34618113888128244,0.7355376311547721,0.9999997996974109,0.8999839189517168,9348/2134,2
Organismal Systems,Endocrine system,hsa04928,"Parathyroid hormone synthesis, secretion and action",10/783,97/6540,0.10309278350515463,0.8610814867480349,-0.5083237052745634,0.7400729712487584,0.9999997996974109,0.8999839189517168,5337/4205/142680/1026/5582/84699/4929/196883/23236/10568,10
Human Diseases,Cancer: specific types,hsa05219,Bladder cancer,4/783,41/6540,0.0975609756097561,0.8148771142883844,-0.43849758548732837,0.7404297288852875,0.9999997996974109,0.8999839189517168,1890/23604/1026/7380,4
Organismal Systems,Endocrine system,hsa04915,Estrogen signaling pathway,11/783,107/6540,0.102803738317757,0.8586672395889282,-0.5435836550346754,0.7498737462934421,0.9999997996974109,0.8999839189517168,3872/3868/1509/4846/9687/84699/196883/25759/23236/3857/2911,11
Environmental Information Processing,Signal transduction,hsa04064,NF-kappa B signaling pathway,9/783,89/6540,0.10112359550561797,0.844633862843859,-0.5442222398725913,0.7542108761641574,0.9999997996974109,0.8999839189517168,8740/4616/2920/2921/4050/7124/23643/3929/3553,9
Cellular Processes,Cellular community - eukaryotes,hsa04520,Adherens junction,9/783,89/6540,0.10112359550561797,0.844633862843859,-0.5442222398725913,0.7542108761641574,0.9999997996974109,0.8999839189517168,10398/81607/3643/83439/57493/54922/58498/1496/1003,9
Organismal Systems,Immune system,hsa04664,Fc epsilon RI signaling pathway,6/783,61/6540,0.09836065573770492,0.8215564348973055,-0.5163572199260823,0.7546624010993161,0.9999997996974109,0.8999839189517168,8605/10451/7124/5602/240/123745,6
Genetic Information Processing,"Folding, sorting and degradation",hsa04130,SNARE interactions in vesicular transport,3/783,32/6540,0.09375,0.7830459770114943,-0.4536880703246159,0.755233510797631,0.9999997996974109,0.8999839189517168,6844/10791/415117,3
Organismal Systems,Excretory system,hsa04961,Endocrine and other factor-regulated calcium reabsorption,4/783,42/6540,0.09523809523809523,0.7954752782338989,-0.4903645173380909,0.7576806087245604,0.9999997996974109,0.8999839189517168,477/6543/5582/23236,4
Human Diseases,Immune disease,hsa05320,Autoimmune thyroid disease,2/783,22/6540,0.09090909090909091,0.7593173110414491,-0.4170013415947746,0.7590561068677921,0.9999997996974109,0.8999839189517168,3133/3134,2
Metabolism,Glycan biosynthesis and metabolism,hsa00510,N-Glycan biosynthesis,5/783,52/6540,0.09615384615384616,0.803124078986148,-0.5256265442036636,0.7625930736816044,0.9999997996974109,0.8999839189517168,57134/4121/11320/4248/84620,5
Metabolism,Lipid metabolism,hsa00561,Glycerolipid metabolism,5/783,52/6540,0.09615384615384616,0.803124078986148,-0.5256265442036636,0.7625930736816044,0.9999997996974109,0.8999839189517168,8611/57104/441282/57016/346606,5
Environmental Information Processing,Signal transduction,hsa04310,Wnt signaling pathway,15/783,145/6540,0.10344827586206896,0.8640507332540627,-0.6104906701649987,0.76592585277601,0.9999997996974109,0.8999839189517168,4776/2239/83439/5582/10023/4920/7091/84870/54361/5602/815/23236/147111/343637/6424,15
Organismal Systems,Endocrine system,hsa04912,GnRH signaling pathway,8/783,81/6540,0.09876543209876543,0.824937325575895,-0.5846444900183203,0.7698246603349606,0.9999997996974109,0.8999839189517168,5337/8605/778/196883/5602/815/23236/123745,8
Organismal Systems,Aging,hsa04213,Longevity regulating pathway - multiple species,5/783,53/6540,0.09433962264150944,0.7879707944769754,-0.5715445749992608,0.7772486473337411,0.9999997996974109,0.8999839189517168,6648/3643/8660/1410/196883,5
Organismal Systems,Nervous system,hsa04720,Long-term potentiation,5/783,53/6540,0.09433962264150944,0.7879707944769754,-0.5715445749992608,0.7772486473337411,0.9999997996974109,0.8999839189517168,2903/5582/815/23236/2911,5
Human Diseases,Cancer: specific types,hsa05217,Basal cell carcinoma,5/783,53/6540,0.09433962264150944,0.7879707944769754,-0.5715445749992608,0.7772486473337411,0.9999997996974109,0.8999839189517168,1643/83439/4616/1026/54361,5
Metabolism,Metabolism of cofactors and vitamins,hsa00730,Thiamine metabolism,1/783,12/6540,0.08333333333333333,0.6960408684546615,-0.38864598021257263,0.7838153119510418,0.9999997996974109,0.8999839189517168,250,1
Human Diseases,Infectious disease: bacterial,hsa05132,Salmonella infection,25/783,238/6540,0.10504201680672269,0.877362439228565,-0.7107407529259384,0.7894346418080966,0.9999997996974109,0.8999839189517168,10398/89953/257364/7846/5869/6237/113146/834/83439/4646/5287/11035/8743/653857/7124/7097/83657/347733/23643/147700/3569/58498/5602/1780/3553,25
Metabolism,Carbohydrate metabolism,hsa00520,Amino sugar and nucleotide sugar metabolism,3/783,34/6540,0.08823529411764706,0.7369844489519947,-0.5670251098060184,0.7912317436278291,0.9999997996974109,0.8999839189517168,5973/91373/80201,3
Metabolism,Global and overview maps,hsa01250,Biosynthesis of nucleotide sugars,3/783,34/6540,0.08823529411764706,0.7369844489519947,-0.5670251098060184,0.7912317436278291,0.9999997996974109,0.8999839189517168,91373/80201/55586,3
Organismal Systems,Endocrine system,hsa04916,Melanogenesis,8/783,83/6540,0.0963855421686747,0.805059317730693,-0.6591201211546082,0.7928626369530897,0.9999997996974109,0.8999839189517168,83439/5582/84699/196883/54361/815/23236/3815,8
Organismal Systems,Digestive system,hsa04976,Bile secretion,4/783,45/6540,0.08888888888888889,0.7424435930183058,-0.6393335157669577,0.8041113672906383,0.9999997996974109,0.8999839189517168,6550/477/196883/6344,4
Metabolism,Global and overview maps,hsa01230,Biosynthesis of amino acids,6/783,65/6540,0.09230769230769231,0.7709991158267021,-0.684246187196405,0.8067599819532019,0.9999997996974109,0.8999839189517168,445/1491/113675/3417/10993/8277,6
Metabolism,Glycan biosynthesis and metabolism,hsa00533,Glycosaminoglycan biosynthesis - keratan sulfate,1/783,13/6540,0.07692307692307693,0.6424992631889184,-0.47580636345093946,0.8097455525672081,0.9999997996974109,0.8999839189517168,93010,1
Organismal Systems,Environmental adaptation,hsa04713,Circadian entrainment,7/783,75/6540,0.09333333333333334,0.7795657726692209,-0.7080498439280286,0.8101431508163232,0.9999997996974109,0.8999839189517168,8912/2903/2788/5582/196883/815/23236,7
Metabolism,Carbohydrate metabolism,hsa00010,Glycolysis / Gluconeogenesis,5/783,56/6540,0.08928571428571429,0.7457580733442802,-0.7046251112139392,0.8170430443223393,0.9999997996974109,0.8999839189517168,221/80201/55902/84532/222,5
Human Diseases,Cancer: specific types,hsa05213,Endometrial cancer,5/783,56/6540,0.08928571428571429,0.7457580733442802,-0.7046251112139392,0.8170430443223393,0.9999997996974109,0.8999839189517168,1643/83439/4616/1026/1496,5
Human Diseases,Drug resistance: antineoplastic,hsa01524,Platinum drug resistance,6/783,66/6540,0.09090909090909091,0.7593173110414491,-0.7247177696602122,0.8183418676245116,0.9999997996974109,0.8999839189517168,317/27113/2946/1026/2938/2939,6
Human Diseases,Infectious disease: bacterial,hsa05120,Epithelial cell signaling in Helicobacter pylori infection,6/783,66/6540,0.09090909090909091,0.7593173110414491,-0.7247177696602122,0.8183418676245116,0.9999997996974109,0.8999839189517168,245972/50617/2920/6352/2921/5602,6
Human Diseases,Cancer: specific types,hsa05211,Renal cell carcinoma,6/783,66/6540,0.09090909090909091,0.7593173110414491,-0.7247177696602122,0.8183418676245116,0.9999997996974109,0.8999839189517168,7042/201163/2034/1026/5155/9915,6
Human Diseases,Infectious disease: bacterial,hsa05130,Pathogenic Escherichia coli infection,19/783,188/6540,0.10106382978723404,0.8441346702535256,-0.7996715356749132,0.8185291927160341,0.9999997996974109,0.8999839189517168,57121/7846/9076/834/4646/8743/4642/137075/2212/653857/7124/4542/1364/1366/347733/3569/5602/3553/51208,19
Human Diseases,Cancer: specific types,hsa05212,Pancreatic cancer,7/783,76/6540,0.09210526315789473,0.7693083282919944,-0.7459787793693516,0.820872215759763,0.9999997996974109,0.8999839189517168,7042/5337/1643/4616/1026/9459/5602,7
Environmental Information Processing,Membrane transport,hsa02010,ABC transporters,3/783,36/6540,0.08333333333333333,0.6960408684546615,-0.6743954228812985,0.8227139337911776,0.9999997996974109,0.8999839189517168,23461/368/1672,3
Organismal Systems,Aging,hsa04211,Longevity regulating pathway,7/783,77/6540,0.09090909090909091,0.7593173110414491,-0.7834505224139213,0.8311224942831668,0.9999997996974109,0.8999839189517168,6648/8408/3643/8660/84699/196883/10891,7
Metabolism,Lipid metabolism,hsa00062,Fatty acid elongation,2/783,26/6540,0.07692307692307693,0.6424992631889184,-0.673562923210022,0.835825798645352,0.9999997996974109,0.8999839189517168,641371/79993,2
Human Diseases,Cancer: specific types,hsa05224,Breast cancer,12/783,126/6540,0.09523809523809523,0.7954752782338989,-0.8548797705383071,0.8400399615140428,0.9999997996974109,0.8999839189517168,1643/83439/4616/1026/10023/54361/9965/25759/28514/2254/8822/3815,12
Metabolism,Global and overview maps,hsa01200,Carbon metabolism,10/783,108/6540,0.09259259259259259,0.7733787427274017,-0.8757455506437778,0.8483454996602385,0.9999997996974109,0.8999839189517168,4329/113675/3417/80201/55902/55753/84532/10993/189/8277,10
Metabolism,Glycan biosynthesis and metabolism,hsa00513,Various types of N-glycan biosynthesis,3/783,38/6540,0.07894736842105263,0.6594071385359951,-0.7765014874504313,0.850053773144611,0.9999997996974109,0.8999839189517168,57134/4121/11320,3
Environmental Information Processing,Signal transduction,hsa04012,ErbB signaling pathway,7/783,79/6540,0.08860759493670886,0.7400940879771085,-0.8570738971384284,0.8502286187487194,0.9999997996974109,0.8999839189517168,868/2065/1026/5582/25759/5602/815,7
Cellular Processes,Transport and catabolism,hsa04146,Peroxisome,7/783,79/6540,0.08860759493670886,0.7400940879771085,-0.8570738971384284,0.8502286187487194,0.9999997996974109,0.8999839189517168,5264/3417/6648/3155/51268/8528/189,7
Organismal Systems,Immune system,hsa04672,Intestinal immune network for IgA production,2/783,27/6540,0.07407407407407407,0.6187029941819213,-0.7321383782626777,0.8512046869265535,0.9999997996974109,0.8999839189517168,23308/3569,2
Organismal Systems,Endocrine system,hsa04935,"Growth hormone synthesis, secretion and action",9/783,99/6540,0.09090909090909091,0.7593173110414491,-0.889865229614737,0.8536618828508158,0.9999997996974109,0.8999839189517168,3486/8660/778/5582/84699/196883/25759/5602/23236,9
Organismal Systems,Endocrine system,hsa04924,Renin secretion,4/783,49/6540,0.08163265306122448,0.6818359527719132,-0.8243882115854841,0.8544943093184342,0.9999997996974109,0.8999839189517168,183/4881/778/23236,4
Human Diseases,Infectious disease: bacterial,hsa05135,Yersinia infection,12/783,128/6540,0.09375,0.7830459770114943,-0.9141434896492294,0.8548422673500885,0.9999997996974109,0.8999839189517168,10451/834/6347/2212/653857/7124/4210/3569/2533/5602/3553/3456,12
Organismal Systems,Endocrine system,hsa04919,Thyroid hormone signaling pathway,10/783,109/6540,0.09174311926605505,0.7662835249042146,-0.9074062303097913,0.8561318168446727,0.9999997996974109,0.8999839189517168,5333/3690/84812/1827/489/477/5582/54361/23236/10231,10
Organismal Systems,Immune system,hsa04662,B cell receptor signaling pathway,6/783,70/6540,0.08571428571428572,0.715927750410509,-0.8811789726662628,0.8592630173331942,0.9999997996974109,0.8999839189517168,10451/27071/8519/25780/973/971,6
Human Diseases,Infectious disease: bacterial,hsa05131,Shigellosis,21/783,214/6540,0.09813084112149532,0.8196369105167042,-0.9893008761544186,0.8650118875314637,0.9999997996974109,0.8999839189517168,5333/10398/58528/718/84812/55062/8878/80201/64121/4303/834/84557/653857/6352/440738/7124/58498/5602/23236/3553/3456,21
Metabolism,Glycan biosynthesis and metabolism,hsa00563,Glycosylphosphatidylinositol (GPI)-anchor biosynthesis,2/783,28/6540,0.07142857142857142,0.5966064586754242,-0.7888404918704077,0.8652599979964366,0.9999997996974109,0.8999839189517168,8705/80235,2
Organismal Systems,Digestive system,hsa04980,Cobalamin transport and metabolism,1/783,16/6540,0.0625,0.5220306513409961,-0.7058972615207704,0.8703387944419344,0.9999997996974109,0.8999839189517168,55788,1
Human Diseases,Cancer: overview,hsa05203,Viral carcinogenesis,15/783,159/6540,0.09433962264150944,0.7879707944769754,-0.998132762178387,0.8711856875201865,0.9999997996974109,0.8999839189517168,2934/245972/3133/718/1030/10014/3134/3718/3249/85477/3665/10379/1026/84699/1232,15
Metabolism,Carbohydrate metabolism,hsa00620,Pyruvate metabolism,3/783,40/6540,0.075,0.6264367816091954,-0.873928415829947,0.8736477334777372,0.9999997996974109,0.8999839189517168,197257/55902/84532,3
Cellular Processes,Cellular community - eukaryotes,hsa04530,Tight junction,14/783,150/6540,0.09333333333333334,0.7795657726692209,-1.007192921132192,0.8741173533819467,0.9999997996974109,0.8999839189517168,10398/7846/9076/27134/3993/84952/92359/137075/653857/1364/154796/1366/5602/51208,14
Human Diseases,Cancer: specific types,hsa05225,Hepatocellular carcinoma,14/783,150/6540,0.09333333333333334,0.7795657726692209,-1.007192921132192,0.8741173533819467,0.9999997996974109,0.8999839189517168,7042/1643/7296/83439/4616/2946/3162/1026/5582/10023/54361/2938/25759/2939,14
Human Diseases,Endocrine and metabolic disease,hsa04934,Cushing syndrome,12/783,131/6540,0.0916030534351145,0.7651136263929104,-1.0014672923728245,0.8750151678282247,0.9999997996974109,0.8999839189517168,183/1030/8912/83439/778/1026/84699/196883/54361/815/23236/3776,12
Metabolism,Carbohydrate metabolism,hsa00020,Citrate cycle (TCA cycle),2/783,29/6540,0.06896551724137931,0.576033822169375,-0.8438102529963767,0.878087755622028,0.9999997996974109,0.8999839189517168,3417/55753,2
Genetic Information Processing,Information processing in viruses,hsa03250,Viral life cycle - HIV-1,5/783,62/6540,0.08064516129032258,0.6735879372141885,-0.952313646905774,0.8794275617687952,0.9999997996974109,0.8999839189517168,4599/4600/200316/9638/80237,5
Human Diseases,Drug resistance: antineoplastic,hsa01521,EGFR tyrosine kinase inhibitor resistance,6/783,73/6540,0.0821917808219178,0.6865060620374743,-0.9932934733561399,0.8847036621813025,0.9999997996974109,0.8999839189517168,2065/5582/5155/25759/3569/5159,6
Human Diseases,Cancer: specific types,hsa05215,Prostate cancer,8/783,94/6540,0.0851063829787234,0.7108502486345479,-1.0413099887937594,0.8896953485086523,0.9999997996974109,0.8999839189517168,7113/83439/1026/84699/5155/5159/2348/2911,8
Human Diseases,Cancer: specific types,hsa05210,Colorectal cancer,7/783,84/6540,0.08333333333333333,0.6960408684546615,-1.0339785090289713,0.8904223955195535,0.9999997996974109,0.8999839189517168,7042/1643/27113/83439/4616/1026/5602,7
Human Diseases,Substance dependence,hsa05030,Cocaine addiction,3/783,42/6540,0.07142857142857142,0.5966064586754242,-0.9671685529299902,0.8938945086467727,0.9999997996974109,0.8999839189517168,2903/84699/2912,3
Human Diseases,Cancer: overview,hsa05230,Central carbon metabolism in cancer,5/783,64/6540,0.078125,0.6525383141762452,-1.0301060179992052,0.8957368967901386,0.9999997996974109,0.8999839189517168,3417/80201/5159/3815/5979,5
Organismal Systems,Nervous system,hsa04723,Retrograde endocannabinoid signaling,9/783,105/6540,0.08571428571428572,0.715927750410509,-1.0821503877466032,0.8960267714057559,0.9999997996974109,0.8999839189517168,2788/778/5582/196883/57030/56901/5602/23236/2911,9
Environmental Information Processing,Signal transduction,hsa04070,Phosphatidylinositol signaling system,7/783,85/6540,0.08235294117647059,0.687852152355195,-1.0682185594546298,0.8972681976771267,0.9999997996974109,0.8999839189517168,5333/84812/79837/8897/5287/5582/23236,7
Metabolism,Glycan biosynthesis and metabolism,hsa00541,Biosynthesis of various nucleotide sugars,1/783,18/6540,0.05555555555555555,0.464027245636441,-0.8397055112963662,0.8995966592116011,0.9999997996974109,0.8999839189517168,91373,1
Metabolism,Glycan biosynthesis and metabolism,hsa00514,Other types of O-glycan biosynthesis,3/783,44/6540,0.06818181818181818,0.5694879832810867,-1.0566399905573463,0.9111805985956387,0.9999997996974109,0.8999839189517168,11227/23127/84620,3
Human Diseases,Substance dependence,hsa05031,Amphetamine addiction,4/783,56/6540,0.07142857142857142,0.5966064586754242,-1.1179950634330962,0.9163086807062915,0.9999997996974109,0.8999839189517168,2903/5582/84699/815,4
Human Diseases,Infectious disease: viral,hsa05163,Human cytomegalovirus infection,17/783,188/6540,0.09042553191489362,0.7552783891742073,-1.2555512291297537,0.9190074051353521,0.9999997996974109,0.8999839189517168,3690/3133/3134/4776/6347/2788/6352/1026/7124/5582/84699/196883/1232/3569/23236/3553/3456,17
Organismal Systems,Digestive system,hsa04977,Vitamin digestion and absorption,1/783,20/6540,0.05,0.41762452107279696,-0.9619061812873083,0.9222590331437833,0.9999997996974109,0.8999839189517168,55788,1
Environmental Information Processing,Signal transduction,hsa04340,Hedgehog signaling pathway,3/783,46/6540,0.06521739130434782,0.544727636181909,-1.1427007094534916,0.925870753768895,0.9999997996974109,0.8999839189517168,1954/55733/23432,3
Human Diseases,Substance dependence,hsa05032,Morphine addiction,4/783,59/6540,0.06779661016949153,0.5662705370478602,-1.2341341063024425,0.9347020606656654,0.9999997996974109,0.8999839189517168,27115/2788/5582/196883,4
Human Diseases,Cancer: specific types,hsa05221,Acute myeloid leukemia,4/783,59/6540,0.06779661016949153,0.5662705370478602,-1.2341341063024425,0.9347020606656654,0.9999997996974109,0.8999839189517168,3728/5292/83439/3815,4
Metabolism,Global and overview maps,hsa01240,Biosynthesis of cofactors,10/783,124/6540,0.08064516129032258,0.6735879372141885,-1.3532664031969717,0.938969054990495,0.9999997996974109,0.8999839189517168,250/3620/129607/23475/23057/195814/349565/145226/169355/212,10
Cellular Processes,Cell growth and death,hsa04218,Cellular senescence,12/783,146/6540,0.0821917808219178,0.6865060620374743,-1.4127252067599516,0.9446840267793275,0.9999997996974109,0.8999839189517168,3486/7042/3133/1030/3134/8878/22808/6237/4776/4616/1026/3569,12
Human Diseases,Neurodegenerative disease,hsa05017,Spinocerebellar ataxia,10/783,126/6540,0.07936507936507936,0.6628960651949157,-1.409039122240213,0.9460409507075036,0.9999997996974109,0.8999839189517168,489/55062/8408/6310/2903/5582/146227/5602/23236/2911,10
Human Diseases,Cancer: specific types,hsa05220,Chronic myeloid leukemia,5/783,76/6540,0.06578947368421052,0.5495059487799959,-1.4567452736985413,0.958822058486313,0.9999997996974109,0.8999839189517168,7042/1643/4616/1026/25759,5
Human Diseases,Cardiovascular disease,hsa05416,Viral myocarditis,3/783,53/6540,0.05660377358490566,0.4727824766861852,-1.421164195523222,0.9614334887705813,0.9999997996974109,0.8999839189517168,3133/3134/6442,3
Organismal Systems,Immune system,hsa04660,T cell receptor signaling pathway,7/783,100/6540,0.07,0.5846743295019158,-1.5434205420567657,0.9636676139990084,0.9999997996974109,0.8999839189517168,868/1326/10451/7124/10125/5602/919,7
Organismal Systems,Nervous system,hsa04728,Dopaminergic synapse,8/783,111/6540,0.07207207207207207,0.6019812916364641,-1.5596663328100355,0.9639251060590344,0.9999997996974109,0.8999839189517168,2903/2788/5582/84699/5602/815/23236/50632,8
Human Diseases,Endocrine and metabolic disease,hsa04932,Non-alcoholic fatty liver disease,11/783,143/6540,0.07692307692307693,0.6424992631889184,-1.5940253346552262,0.9643388140309878,0.9999997996974109,0.8999839189517168,51085/1649/5465/3643/8660/1571/7124/3569/56901/5602/3553,11
Organismal Systems,Endocrine system,hsa04910,Insulin signaling pathway,9/783,123/6540,0.07317073170731707,0.6111578357162881,-1.6054556866563245,0.9668819438926606,0.9999997996974109,0.8999839189517168,79660/868/80201/2872/3643/8660/25759/5602/10891,9
Environmental Information Processing,Signal transduction,hsa04392,Hippo signaling pathway - multiple species,1/783,27/6540,0.037037037037037035,0.30935149709096066,-1.3261322988479538,0.9682663761824977,0.9999997996974109,0.8999839189517168,166824,1
Organismal Systems,Endocrine system,hsa04922,Glucagon signaling pathway,6/783,91/6540,0.06593406593406594,0.5507136541619301,-1.5916081814780962,0.9691493299489202,0.9999997996974109,0.8999839189517168,5465/2642/84699/815/23236/10891,6
NA,NA,hsa04517,IgSF CAM signaling,20/783,237/6540,0.08438818565400844,0.7048515123591509,-1.706787747904982,0.9695519690102783,0.9999997996974109,0.8999839189517168,4133/10398/3690/81607/7846/55558/10451/3897/23705/653857/5582/342035/347733/6585/91807/54413/5602/4868/94030/57524,20
Human Diseases,Neurodegenerative disease,hsa05022,Pathways of neurodegeneration - multiple diseases,37/783,402/6540,0.09203980099502487,0.768761556203656,-1.7648104124034028,0.9708093790611709,0.9999997996974109,0.8999839189517168,10133/53349/7318/89953/7846/489/55062/65018/8878/1649/8408/317/6310/5630/84557/2903/778/440738/7124/4137/5582/10023/201625/8632/27019/54361/347733/147700/3569/56901/56171/5602/815/23236/1128/3553/2911,37
Metabolism,Carbohydrate metabolism,hsa00030,Pentose phosphate pathway,1/783,29/6540,0.034482758620689655,0.2880169110846875,-1.417043768587558,0.9754383440694401,0.9999997996974109,0.8999839189517168,8277,1
Genetic Information Processing,"Folding, sorting and degradation",hsa03060,Protein export,1/783,29/6540,0.034482758620689655,0.2880169110846875,-1.417043768587558,0.9754383440694401,0.9999997996974109,0.8999839189517168,164153,1
Metabolism,Amino acid metabolism,hsa00310,Lysine degradation,3/783,58/6540,0.05172413793103448,0.43202536662703134,-1.60223737535401,0.9762235139528267,0.9999997996974109,0.8999839189517168,51268/23127/93166,3
Environmental Information Processing,Signal transduction,hsa04152,AMPK signaling pathway,7/783,106/6540,0.0660377358490566,0.5515795561338828,-1.7164701035977212,0.976815203219797,0.9999997996974109,0.8999839189517168,8408/3643/8660/6319/84699/10891/948,7
Environmental Information Processing,Signal transduction,hsa04150,mTOR signaling pathway,10/783,140/6540,0.07142857142857142,0.5966064586754242,-1.779268156774855,0.9783564624805824,0.9999997996974109,0.8999839189517168,58528/57600/201163/64121/8408/3643/64798/7124/5582/54361,10
Environmental Information Processing,Signal transduction,hsa04390,Hippo signaling pathway,10/783,140/6540,0.07142857142857142,0.5966064586754242,-1.779268156774855,0.9783564624805824,0.9999997996974109,0.8999839189517168,7042/3398/27113/83439/3993/154796/54361/8200/1496/166824,10
Human Diseases,Infectious disease: bacterial,hsa05110,Vibrio cholerae infection,2/783,47/6540,0.0425531914893617,0.35542512431727397,-1.6354528804204214,0.9818425459160784,0.9999997996974109,0.8999839189517168,245972/50617,2
Organismal Systems,Nervous system,hsa04722,Neurotrophin signaling pathway,7/783,111/6540,0.06306306306306306,0.526733630181906,-1.8545299704412799,0.9842565259246231,0.9999997996974109,0.8999839189517168,4804/4145/6272/25759/398/5602/815,7
Human Diseases,Drug resistance: antineoplastic,hsa01522,Endocrine resistance,5/783,89/6540,0.056179775280898875,0.469241034913255,-1.8591620934855024,0.986259620345624,0.9999997996974109,0.8999839189517168,1026/196883/25759/5602/28514,5
Human Diseases,Cancer: overview,hsa05208,Chemical carcinogenesis - reactive oxygen species,13/783,180/6540,0.07222222222222222,0.6032354193273733,-1.9905771996250134,0.987116495761184,0.9999997996974109,0.8999839189517168,5337/6648/1545/1571/2946/3162/1543/8644/2938/56901/5602/1544/2939,13
Human Diseases,Neurodegenerative disease,hsa05010,Alzheimer disease,27/783,325/6540,0.08307692307692308,0.6938992042440317,-2.0874880960938165,0.988227321439134,0.9999997996974109,0.8999839189517168,89953/348/7846/489/55062/83464/1649/8408/317/3643/8660/2903/778/7124/4137/10023/4035/54361/347733/147700/3569/56901/5602/23236/1128/3553/29986,27
Human Diseases,Cancer: overview,hsa05235,PD-L1 expression and PD-1 checkpoint pathway in cancer,4/783,79/6540,0.05063291139240506,0.42291090741549053,-1.9030271136499644,0.9890637782713998,0.9999997996974109,0.8999839189517168,10125/7097/238/919,4
Human Diseases,Infectious disease: bacterial,hsa05100,Bacterial invasion of epithelial cells,3/783,67/6540,0.04477611940298507,0.37399210842340025,-1.8993405524170486,0.9903301295483201,0.9999997996974109,0.8999839189517168,653857/25759/1496,3
Metabolism,Global and overview maps,hsa01212,Fatty acid metabolism,2/783,53/6540,0.03773584905660377,0.3151883177907901,-1.8459740057852023,0.990667772882389,0.9999997996974109,0.8999839189517168,6319/79993,2
Human Diseases,Substance dependence,hsa05034,Alcoholism,5/783,94/6540,0.05319148936170213,0.4442814053965925,-2.001299744462097,0.9911749514559849,0.9999997996974109,0.8999839189517168,10014/2903/2788/84699/25759,5
Cellular Processes,Cellular community - eukaryotes,hsa04550,Signaling pathways regulating pluripotency of stem cells,7/783,120/6540,0.058333333333333334,0.4872286079182631,-2.0906692496935575,0.9923610296721925,0.9999997996974109,0.8999839189517168,90/3718/3398/3399/54361/83729/3198,7
Organismal Systems,Endocrine system,hsa04914,Progesterone-mediated oocyte maturation,4/783,84/6540,0.047619047619047616,0.3977376391169494,-2.0487173219115453,0.9932031681160347,0.9999997996974109,0.8999839189517168,132864/22849/196883/5602,4
Human Diseases,Neurodegenerative disease,hsa05014,Amyotrophic lateral sclerosis,24/783,313/6540,0.07667731629392971,0.6404465498879952,-2.4040009297672738,0.995662223551139,0.9999997996974109,0.8999839189517168,10133/89953/7846/55062/65018/8878/1649/283/8408/317/834/5630/84557/2903/440738/7124/201625/8632/27019/347733/147700/56901/56171/94026,24
Genetic Information Processing,Replication and repair,hsa03420,Nucleotide excision repair,2/783,60/6540,0.03333333333333333,0.2784163473818646,-2.0706812119362916,0.9957643001156138,0.9999997996974109,0.8999839189517168,1643/2074,2
Genetic Information Processing,Replication and repair,hsa03410,Base excision repair,1/783,43/6540,0.023255813953488372,0.194243963289673,-1.9548786219852619,0.9959224332296945,0.9999997996974109,0.8999839189517168,79661,1
Human Diseases,Neurodegenerative disease,hsa05020,Prion disease,15/783,222/6540,0.06756756756756757,0.5643574609091851,-2.4353163922683922,0.9967007652163982,0.9999997996974109,0.8999839189517168,89953/7846/1649/317/2903/778/6352/7124/84699/347733/147700/3569/56901/5602/3553,15
Cellular Processes,Transport and catabolism,hsa04144,Endocytosis,16/783,234/6540,0.06837606837606838,0.5711104561679275,-2.4638532598693548,0.9969321075373148,0.9999997996974109,0.8999839189517168,5337/868/3133/138429/3134/5869/84440/55616/100526767/84249/653857/3560/155382/5662/6011/2348,16
Organismal Systems,Endocrine system,hsa04917,Prolactin signaling pathway,2/783,63/6540,0.031746031746031744,0.2651584260779663,-2.161302122068668,0.9969921042704257,0.9999997996974109,0.8999839189517168,25759/5602,2
Human Diseases,Infectious disease: viral,hsa05166,Human T-cell leukemia virus 1 infection,13/783,202/6540,0.06435643564356436,0.5375365122719168,-2.462155356245215,0.9971704823727305,0.9999997996974109,0.8999839189517168,7042/3133/1030/3134/3718/4776/3560/1026/7124/84699/196883/3569/5602,13
Human Diseases,Infectious disease: viral,hsa05170,Human immunodeficiency virus 1 infection,11/783,181/6540,0.06077348066298342,0.5076099151161068,-2.4773798962797646,0.9975163467298639,0.9999997996974109,0.8999839189517168,3133/3134/4776/200316/2788/7124/5582/7097/5602/3456/919,11
Cellular Processes,Cell growth and death,hsa04114,Oocyte meiosis,5/783,109/6540,0.045871559633027525,0.3831417624521073,-2.394957427538957,0.9977900269053714,0.9999997996974109,0.8999839189517168,132864/9985/22849/196883/815,5
Genetic Information Processing,"Folding, sorting and degradation",hsa04120,Ubiquitin mediated proteolysis,7/783,137/6540,0.051094890510948905,0.4267695835780407,-2.5005537501236628,0.9982018346851422,0.9999997996974109,0.8999839189517168,7318/26232/7328/868/9820/1643/79444,7
Human Diseases,Neurodegenerative disease,hsa05016,Huntington disease,18/783,264/6540,0.06818181818181818,0.5694879832810867,-2.6332021996967256,0.9982351077487603,0.9999997996974109,0.8999839189517168,89953/7846/55062/6648/8408/317/27113/84699/201625/8632/27019/347733/147700/56901/56171/5602/23236/10891,18
Genetic Information Processing,"Folding, sorting and degradation",hsa04141,Protein processing in endoplasmic reticulum,8/783,161/6540,0.049689440993788817,0.41503057994812115,-2.771457578081358,0.9993407628180611,0.9999997996974109,0.8999839189517168,26232/3300/1649/57134/4121/1410/56605/5602,8
Human Diseases,Neurodegenerative disease,hsa05012,Parkinson disease,13/783,224/6540,0.05803571428571429,0.48474274767378217,-2.8937799066816807,0.9994594169696073,0.9999997996974109,0.8999839189517168,7318/89953/7846/65018/1649/317/4137/347733/147700/56901/5602/815/29986,13
Metabolism,Energy metabolism,hsa00190,Oxidative phosphorylation,3/783,101/6540,0.0297029702970297,0.24809377489473083,-2.808365244756269,0.9997441619290277,0.9999997996974109,0.8999839189517168,245972/50617/56901,3
Organismal Systems,Environmental adaptation,hsa04714,Thermogenesis,8/783,188/6540,0.0425531914893617,0.35542512431727397,-3.3070098496765366,0.9999440280524351,0.9999997996974109,0.8999839189517168,57104/4881/84699/196883/4879/56901/5346/10891,8
Genetic Information Processing,Translation,hsa03013,Nucleocytoplasmic transport,2/783,104/6540,0.019230769230769232,0.1606248157972296,-3.1820222511187946,0.999976067480971,0.9999997996974109,0.8999839189517168,402569/94026,2
Genetic Information Processing,Translation,hsa03015,mRNA surveillance pathway,1/783,87/6540,0.011494252873563218,0.09600563702822917,-3.1302783037560817,0.9999859492836078,0.9999997996974109,0.8999839189517168,4440,1
Cellular Processes,Cell growth and death,hsa04110,Cell cycle,4/783,155/6540,0.025806451612903226,0.21554813990854035,-3.644937874064868,0.9999961354024365,0.9999997996974109,0.8999839189517168,7042/1030/4616/1026,4
Genetic Information Processing,Translation,hsa03010,Ribosome,3/783,163/6540,0.018404907975460124,0.1537268175728087,-4.0349170175761815,0.9999997996974109,0.9999997996974109,0.8999839189517168,51065/64951/6123,3
